-- Generation time: Wed, 18 Sep 2019 18:47:34 +0000
-- Host: mysql.hostinger.ro
-- DB name: u574849695_22
/*!40030 SET NAMES UTF8 */;
/*!40101 SET @OLD_CHARACTER_SET_CLIENT=@@CHARACTER_SET_CLIENT */;
/*!40101 SET @OLD_CHARACTER_SET_RESULTS=@@CHARACTER_SET_RESULTS */;
/*!40101 SET @OLD_COLLATION_CONNECTION=@@COLLATION_CONNECTION */;
/*!40103 SET @OLD_TIME_ZONE=@@TIME_ZONE */;
/*!40103 SET TIME_ZONE='+00:00' */;
/*!40014 SET @OLD_UNIQUE_CHECKS=@@UNIQUE_CHECKS, UNIQUE_CHECKS=0 */;
/*!40014 SET @OLD_FOREIGN_KEY_CHECKS=@@FOREIGN_KEY_CHECKS, FOREIGN_KEY_CHECKS=0 */;
/*!40101 SET @OLD_SQL_MODE=@@SQL_MODE, SQL_MODE='NO_AUTO_VALUE_ON_ZERO' */;
/*!40111 SET @OLD_SQL_NOTES=@@SQL_NOTES, SQL_NOTES=0 */;

DROP TABLE IF EXISTS `communities`;
CREATE TABLE `communities` (
  `id` int(10) unsigned NOT NULL AUTO_INCREMENT,
  `name` varchar(150) COLLATE utf8_unicode_ci NOT NULL,
  PRIMARY KEY (`id`),
  UNIQUE KEY `name` (`name`)
) ENGINE=InnoDB AUTO_INCREMENT=101 DEFAULT CHARSET=utf8 COLLATE=utf8_unicode_ci;

INSERT INTO communities VALUES ('84','ab'),
('32','accusamus'),
('95','accusantium'),
('80','ad'),
('28','alias'),
('71','amet'),
('35','animi'),
('99','architecto'),
('4','asperiores'),
('33','aspernatur'),
('17','at'),
('73','aut'),
('49','autem'),
('23','beatae'),
('7','blanditiis'),
('9','consequatur'),
('98','corrupti'),
('8','cum'),
('40','debitis'),
('94','deleniti'),
('16','dicta'),
('42','dolore'),
('20','dolorem'),
('19','dolores'),
('24','ea'),
('78','eius'),
('5','est'),
('1','et'),
('59','eum'),
('60','exercitationem'),
('31','expedita'),
('55','facilis'),
('76','fugiat'),
('54','fugit'),
('96','hic'),
('50','id'),
('18','illo'),
('66','illum'),
('12','in'),
('58','incidunt'),
('29','laborum'),
('14','laudantium'),
('82','libero'),
('53','magnam'),
('37','maiores'),
('86','maxime'),
('62','minus'),
('10','molestiae'),
('68','molestias'),
('39','mollitia'),
('44','necessitatibus'),
('51','nemo'),
('85','neque'),
('93','nihil'),
('48','nisi'),
('13','nobis'),
('41','nulla'),
('81','numquam'),
('91','occaecati'),
('79','odio'),
('43','odit'),
('72','officiis'),
('6','omnis'),
('2','optio'),
('15','pariatur'),
('83','porro'),
('22','praesentium'),
('65','quam'),
('87','quas'),
('63','quasi'),
('25','qui'),
('30','quia'),
('21','quibusdam'),
('34','quisquam'),
('97','quo'),
('90','quod'),
('69','ratione'),
('61','rem'),
('46','repellendus'),
('38','reprehenderit'),
('92','rerum'),
('47','sapiente'),
('3','sed'),
('27','similique'),
('57','sit'),
('45','soluta'),
('88','sunt'),
('74','totam'),
('64','unde'),
('100','ut'),
('11','vel'),
('52','velit'),
('26','veritatis'),
('36','vitae'),
('70','voluptas'),
('75','voluptate'),
('56','voluptatem'),
('67','voluptates'),
('89','voluptatibus'),
('77','voluptatum'); 


DROP TABLE IF EXISTS `communities_users`;
CREATE TABLE `communities_users` (
  `community_id` int(10) unsigned NOT NULL,
  `user_id` int(10) unsigned NOT NULL,
  `created_at` datetime DEFAULT current_timestamp(),
  PRIMARY KEY (`community_id`,`user_id`)
) ENGINE=InnoDB DEFAULT CHARSET=utf8 COLLATE=utf8_unicode_ci;

INSERT INTO `communities_users` VALUES ('1','720','1981-04-15 09:19:38'),
('2','556','1972-06-07 14:13:58'),
('3','892','1987-08-17 13:47:46'),
('4','507','1989-09-14 04:37:19'),
('5','652','1995-06-17 09:44:13'),
('6','458','1973-04-13 17:14:31'),
('7','725','1988-05-23 19:21:37'),
('8','711','2004-07-23 00:36:54'),
('9','485','1997-10-22 06:19:42'),
('10','528','2000-06-28 22:00:28'),
('11','499','1995-01-14 11:04:28'),
('12','894','1971-10-04 20:59:12'),
('13','304','1986-11-19 23:02:09'),
('14','156','1972-01-30 01:26:38'),
('15','178','1970-08-01 19:17:44'),
('16','762','2006-10-28 11:59:01'),
('17','979','2009-07-11 20:36:03'),
('18','665','2005-06-06 11:15:44'),
('19','141','1976-07-15 04:25:08'),
('20','273','1992-08-19 09:13:52'),
('21','699','1976-07-02 08:32:04'),
('22','195','1999-08-11 15:50:07'),
('23','301','1996-08-09 12:13:20'),
('24','665','2002-06-03 03:44:50'),
('25','774','2009-11-08 09:40:25'),
('26','645','1998-04-09 09:22:44'),
('27','193','1986-05-01 03:59:49'),
('28','900','1991-01-08 06:04:46'),
('29','624','2013-11-19 01:24:36'),
('30','389','1991-05-22 06:50:31'),
('31','442','2011-03-01 23:38:39'),
('32','343','2007-04-23 07:04:06'),
('33','945','1996-11-03 23:32:54'),
('34','333','1987-01-25 06:52:58'),
('35','849','2006-11-25 03:13:01'),
('36','597','1979-05-15 13:56:14'),
('37','791','1993-05-17 18:24:50'),
('38','574','2002-03-15 15:16:01'),
('39','308','1993-05-21 06:37:38'),
('40','275','1974-09-30 23:59:21'),
('41','102','1986-10-03 09:34:10'),
('42','806','1992-11-02 04:12:23'),
('43','168','1996-02-22 20:16:46'),
('44','406','2017-09-21 23:47:01'),
('45','962','1996-03-11 09:07:52'),
('46','346','1992-04-30 11:01:44'),
('47','168','1984-12-06 05:37:08'),
('48','941','1985-07-01 13:06:59'),
('49','10','2002-05-07 19:46:41'),
('50','308','1981-02-08 09:32:43'),
('51','213','2008-07-26 05:53:52'),
('52','708','1991-07-09 23:23:52'),
('53','503','1994-03-08 13:59:27'),
('54','513','1982-04-27 05:44:44'),
('55','373','2019-03-30 11:33:41'),
('56','276','1984-03-07 07:41:58'),
('57','157','1994-03-29 11:34:01'),
('58','566','1994-09-04 07:49:42'),
('59','176','1979-07-20 11:44:43'),
('60','781','1983-02-26 04:21:12'),
('61','954','2013-06-02 07:57:44'),
('62','618','1987-05-01 19:58:59'),
('63','123','1981-11-13 15:42:05'),
('64','899','1984-01-05 02:35:39'),
('65','951','2019-08-30 05:53:35'),
('66','972','1975-05-10 16:43:22'),
('67','495','2010-09-26 08:42:06'),
('68','741','1986-09-12 05:22:00'),
('69','546','1983-03-05 01:18:13'),
('70','803','2015-01-13 07:41:41'),
('71','16','1976-08-14 03:05:09'),
('72','647','2006-12-13 00:30:31'),
('73','609','1991-06-11 21:49:07'),
('74','184','1986-11-22 07:44:02'),
('75','52','1986-05-02 08:01:25'),
('76','570','1976-04-18 18:43:29'),
('77','529','2016-11-21 19:57:52'),
('78','220','2001-04-08 21:14:12'),
('79','510','2014-01-28 15:53:40'),
('80','538','1977-05-10 08:13:42'),
('81','528','1989-01-12 02:47:24'),
('82','723','2017-04-08 19:30:07'),
('83','246','1980-08-04 16:16:14'),
('84','30','1990-02-21 03:46:58'),
('85','235','2013-03-20 18:57:59'),
('86','618','1998-03-24 13:11:17'),
('87','306','1984-03-04 05:44:38'),
('88','392','1991-01-11 21:56:46'),
('89','184','2014-09-30 08:51:37'),
('90','481','1970-12-28 10:40:58'),
('91','172','2010-07-06 20:46:46'),
('92','138','1978-09-20 01:10:14'),
('93','99','1987-04-30 15:11:13'),
('94','295','2018-07-31 06:33:42'),
('95','36','1998-05-09 01:46:54'),
('96','49','2013-01-01 11:59:48'),
('97','266','1999-03-30 15:33:16'),
('98','531','1987-02-03 00:24:16'),
('99','790','2017-07-07 13:06:17'),
('100','811','1988-11-18 22:42:26'); 


DROP TABLE IF EXISTS `emoji`;
CREATE TABLE `emoji` (
  `id` int(10) unsigned NOT NULL AUTO_INCREMENT,
  `name` varchar(150) COLLATE utf8_unicode_ci NOT NULL,
  `file` mediumblob NOT NULL,
  PRIMARY KEY (`id`),
  UNIQUE KEY `name` (`name`)
) ENGINE=InnoDB AUTO_INCREMENT=101 DEFAULT CHARSET=utf8 COLLATE=utf8_unicode_ci;

INSERT INTO `emoji` VALUES ('1','quasi',''),
('2','magnam',''),
('3','molestiae',''),
('4','quae',''),
('5','aut',''),
('6','omnis',''),
('7','architecto',''),
('8','iure',''),
('9','sint',''),
('10','earum',''),
('11','fuga',''),
('12','aspernatur',''),
('13','possimus',''),
('14','qui',''),
('15','autem',''),
('16','enim',''),
('17','voluptatibus',''),
('18','quas',''),
('19','dolorem',''),
('20','doloribus',''),
('21','velit',''),
('22','quos',''),
('23','iusto',''),
('24','ut',''),
('25','sed',''),
('26','dignissimos',''),
('27','rerum',''),
('28','ipsa',''),
('29','id',''),
('30','est',''),
('31','dolor',''),
('32','deserunt',''),
('33','dicta',''),
('34','et',''),
('35','recusandae',''),
('36','nesciunt',''),
('37','ullam',''),
('38','quo',''),
('39','inventore',''),
('40','facilis',''),
('41','numquam',''),
('42','sunt',''),
('43','cupiditate',''),
('44','vitae',''),
('45','voluptate',''),
('46','consequuntur',''),
('47','commodi',''),
('48','veniam',''),
('49','perspiciatis',''),
('50','dolorum',''),
('51','sit',''),
('52','natus',''),
('53','porro',''),
('54','praesentium',''),
('55','officia',''),
('56','facere',''),
('57','adipisci',''),
('58','impedit',''),
('59','veritatis',''),
('60','temporibus',''),
('61','excepturi',''),
('62','accusantium',''),
('63','in',''),
('64','consectetur',''),
('65','reprehenderit',''),
('66','neque',''),
('67','nihil',''),
('68','ad',''),
('69','quis',''),
('70','voluptatem',''),
('71','officiis',''),
('72','harum',''),
('73','eius',''),
('74','laboriosam',''),
('75','nobis',''),
('76','aliquid',''),
('77','ratione',''),
('78','ex',''),
('79','ea',''),
('80','totam',''),
('81','modi',''),
('82','voluptas',''),
('83','consequatur',''),
('84','vero',''),
('85','minus',''),
('86','animi',''),
('87','quaerat',''),
('88','ducimus',''),
('89','optio',''),
('90','magni',''),
('91','dolores',''),
('92','necessitatibus',''),
('93','alias',''),
('94','voluptates',''),
('95','tenetur',''),
('96','quia',''),
('97','accusamus',''),
('98','laudantium',''),
('99','eligendi',''),
('100','quam',''); 


DROP TABLE IF EXISTS `friendship`;
CREATE TABLE `friendship` (
  `user_id` int(10) unsigned NOT NULL,
  `friend_id` int(10) unsigned NOT NULL,
  `status_id` int(10) unsigned NOT NULL,
  `requested_at` datetime DEFAULT current_timestamp(),
  `confirmed_at` datetime DEFAULT NULL,
  PRIMARY KEY (`user_id`,`friend_id`)
) ENGINE=InnoDB DEFAULT CHARSET=utf8 COLLATE=utf8_unicode_ci;

INSERT INTO `friendship` VALUES ('1','8','1','1982-04-25 16:47:53','1997-11-25 07:11:21'),
('2','172','2','1989-07-10 12:22:01','1978-11-23 16:44:29'),
('3','843','3','2019-03-30 04:09:24','1970-07-16 17:23:41'),
('4','104','4','1983-02-25 14:00:29','1981-09-27 05:03:35'),
('5','453','5','1970-01-23 02:21:36','2017-01-20 03:38:01'),
('6','18','6','1996-01-07 03:06:54','1975-03-17 19:34:17'),
('7','423','7','2007-03-25 17:34:19','1987-01-07 21:21:12'),
('8','900','8','1977-01-06 05:19:42','2005-11-23 17:05:18'),
('9','47','9','1981-02-15 08:52:39','1990-11-20 20:55:52'),
('10','400','10','1975-12-23 19:15:01','1998-04-27 03:24:42'),
('11','676','11','1987-01-25 01:58:53','1974-02-10 18:37:07'),
('12','248','12','1971-12-10 18:59:33','1990-04-29 07:10:56'),
('13','504','13','1994-06-25 04:19:13','1986-09-30 19:11:11'),
('14','476','14','1987-02-07 01:56:53','1984-08-12 21:49:15'),
('15','910','15','1978-08-11 20:26:17','1999-06-16 15:07:40'),
('16','33','16','1974-10-20 14:53:58','1985-01-10 06:33:41'),
('17','686','17','1981-12-02 12:26:46','2010-11-15 17:57:40'),
('18','690','18','2018-03-16 16:57:08','2004-06-06 21:06:51'),
('19','471','19','1998-01-15 07:37:20','2019-08-26 14:41:55'),
('20','919','20','1996-07-18 19:10:38','2012-10-03 05:24:06'),
('21','285','21','1986-06-17 01:45:15','2007-12-03 02:21:29'),
('22','254','22','1996-12-02 16:39:54','1995-04-15 00:42:43'),
('23','643','23','2002-03-04 00:31:04','2004-08-03 21:28:34'),
('24','166','24','1993-09-14 01:11:58','1997-04-12 11:44:16'),
('25','161','25','2001-01-01 10:31:37','1973-11-20 09:08:31'),
('26','682','26','1978-01-02 04:31:35','1999-03-16 11:17:32'),
('27','474','27','2000-06-13 20:11:09','2015-10-21 21:44:57'),
('28','502','28','2017-06-05 00:57:18','2014-06-09 11:26:47'),
('29','251','29','2003-12-18 09:05:51','1976-03-02 17:26:30'),
('30','883','30','2013-09-10 03:18:24','2019-02-15 04:08:18'),
('31','128','31','2006-05-23 20:43:38','2019-08-15 10:29:24'),
('32','258','32','1999-05-27 16:34:27','1995-06-04 02:17:30'),
('33','55','33','2004-12-05 19:17:44','1995-10-05 06:38:24'),
('34','970','34','2015-08-04 05:34:14','2019-04-15 18:26:18'),
('35','362','35','1985-10-28 23:47:23','1999-10-16 09:43:54'),
('36','507','36','2005-01-27 15:55:25','1987-12-04 10:38:30'),
('37','988','37','1992-02-01 17:52:33','1994-09-30 15:08:42'),
('38','784','38','2015-05-07 13:58:51','2002-02-23 20:03:50'),
('39','406','39','2000-03-13 23:33:15','1974-01-03 13:40:31'),
('40','35','40','1994-10-01 17:53:55','2015-01-11 12:44:47'),
('41','183','41','1991-08-20 06:29:27','1979-04-01 13:36:24'),
('42','82','42','1999-11-05 03:41:12','2002-10-25 07:48:28'),
('43','283','43','1987-12-16 22:37:22','1974-01-28 09:33:13'),
('44','686','44','2014-02-16 05:58:51','1979-01-10 01:25:25'),
('45','557','45','1980-06-18 21:41:54','2000-08-25 02:46:18'),
('46','193','46','1990-04-08 03:12:31','2009-06-10 09:14:23'),
('47','718','47','1974-12-03 14:58:12','1992-03-03 21:21:11'),
('48','242','48','1988-03-05 12:21:18','1979-10-20 03:05:37'),
('49','882','49','1988-11-08 21:57:10','2000-03-29 14:42:52'),
('50','189','50','1996-05-14 23:30:50','2009-08-13 08:00:48'),
('51','161','51','1984-05-15 12:06:33','1971-05-30 14:20:34'),
('52','166','52','1972-05-27 21:08:04','1990-09-16 00:40:08'),
('53','442','53','1977-02-02 23:32:58','2006-02-04 23:15:52'),
('54','803','54','1975-07-04 08:52:48','1975-11-18 11:26:50'),
('55','332','55','2004-12-24 04:56:28','2013-09-10 20:51:26'),
('56','602','56','1986-11-17 08:33:34','2005-05-21 15:25:05'),
('57','485','57','2012-01-13 13:24:02','1979-05-20 23:25:44'),
('58','805','58','1989-11-11 10:54:41','1988-01-22 20:51:11'),
('59','104','59','1986-04-01 19:23:42','2009-12-26 12:41:38'),
('60','736','60','1993-11-28 10:10:42','1982-02-23 00:00:33'),
('61','687','61','2013-06-08 00:42:14','2008-04-15 14:29:35'),
('62','231','62','2015-06-17 06:24:06','1975-06-28 01:20:10'),
('63','994','63','1976-12-31 16:23:07','2011-08-11 13:34:26'),
('64','741','64','1988-01-19 02:05:27','1986-01-04 08:31:48'),
('65','201','65','1972-01-01 03:57:50','1971-08-09 15:46:30'),
('66','355','66','1999-08-22 09:27:22','1985-01-16 02:35:30'),
('67','247','67','1986-11-20 01:49:09','2013-05-17 15:42:04'),
('68','189','68','2008-07-17 06:49:54','1980-10-26 18:34:52'),
('69','138','69','2017-03-09 02:02:33','1977-02-15 19:19:21'),
('70','653','70','2016-06-30 21:14:36','2018-08-23 22:59:53'),
('71','223','71','1983-12-15 09:01:05','1980-03-27 22:24:36'),
('72','320','72','1978-10-09 19:23:57','2010-05-25 09:56:56'),
('73','735','73','2017-11-01 19:47:51','1990-06-27 03:05:19'),
('74','506','74','2005-10-29 04:14:04','1971-12-03 16:24:20'),
('75','6','75','2012-12-19 07:26:09','2005-08-23 08:16:43'),
('76','292','76','1993-04-12 14:57:33','2017-01-21 04:38:08'),
('77','698','77','1972-10-06 05:47:13','2009-12-19 22:32:42'),
('78','724','78','2001-08-14 10:30:58','2014-04-12 06:29:32'),
('79','533','79','1975-03-04 02:27:16','1996-03-19 06:15:33'),
('80','579','80','2018-09-23 20:44:36','1986-01-05 10:07:00'),
('81','912','81','1975-01-28 23:33:46','1984-07-19 18:03:00'),
('82','694','82','2011-03-04 12:13:59','2006-05-26 23:26:35'),
('83','745','83','2013-05-26 15:18:28','1974-12-06 06:19:13'),
('84','353','84','1974-11-29 10:51:31','2010-09-08 17:45:04'),
('85','496','85','1971-12-26 12:11:01','1970-01-16 09:32:09'),
('86','76','86','1999-04-19 04:25:20','2018-06-11 17:13:35'),
('87','955','87','2009-05-13 02:29:07','1972-12-21 10:26:12'),
('88','980','88','1984-09-10 08:32:09','1986-07-30 16:00:36'),
('89','880','89','2016-08-20 12:46:08','2005-02-18 09:20:42'),
('90','58','90','2000-08-02 20:42:48','2014-11-05 18:22:44'),
('91','716','91','2018-05-22 16:01:31','1989-12-30 16:43:54'),
('92','566','92','1980-07-18 02:01:21','1997-09-21 07:17:54'),
('93','289','93','2006-03-23 06:04:18','1972-05-29 12:56:47'),
('94','709','94','2016-06-02 10:11:50','2013-09-13 00:41:54'),
('95','307','95','1989-06-19 18:36:49','1991-03-10 20:48:00'),
('96','490','96','2018-07-19 09:08:42','1997-02-07 09:42:11'),
('97','63','97','1999-09-03 15:51:16','1984-07-26 14:57:51'),
('98','554','98','2008-07-06 20:39:23','2009-07-16 12:25:28'),
('99','678','99','1981-09-22 18:43:15','2001-01-23 19:22:13'),
('100','201','100','1988-12-11 12:14:19','1987-04-07 04:22:43'); 


DROP TABLE IF EXISTS `friendship_statuses`;
CREATE TABLE `friendship_statuses` (
  `id` int(10) unsigned NOT NULL AUTO_INCREMENT,
  `name` varchar(150) COLLATE utf8_unicode_ci NOT NULL,
  PRIMARY KEY (`id`),
  UNIQUE KEY `name` (`name`)
) ENGINE=InnoDB AUTO_INCREMENT=101 DEFAULT CHARSET=utf8 COLLATE=utf8_unicode_ci;

INSERT INTO `friendship_statuses` VALUES ('50','abbott.com'),
('100','balistreriprice.biz'),
('3','bartoletti.com'),
('74','bartoletti.net'),
('55','barton.com'),
('57','bauch.com'),
('98','beierstehr.com'),
('29','bins.info'),
('31','blanda.org'),
('28','blandaparisian.net'),
('41','blickbogan.com'),
('67','boyle.biz'),
('68','boylezboncak.biz'),
('6','bradtkebergnaum.com'),
('63','brown.biz'),
('46','buckridge.com'),
('92','carrolldach.com'),
('58','carter.biz'),
('15','cole.com'),
('12','connelly.com'),
('27','considine.net'),
('52','cremincremin.com'),
('4','cummerata.com'),
('93','dicki.net'),
('61','dickinson.info'),
('53','durgan.biz'),
('60','ebert.com'),
('99','farrellstamm.com'),
('91','flatleylangworth.com'),
('20','fritschheidenreich.org'),
('77','gibson.info'),
('23','gleichnerharvey.net'),
('45','hartmann.com'),
('44','heaneyhaag.info'),
('65','heathcotecorkery.com'),
('40','hilpert.com'),
('66','hodkiewicz.com'),
('96','jacobireilly.com'),
('7','jacobs.com'),
('86','johns.biz'),
('16','kautzer.biz'),
('2','king.biz'),
('54','kirlin.net'),
('13','kling.com'),
('11','kohler.biz'),
('37','kohlerhudson.net'),
('79','kuhlman.info'),
('36','labadie.com'),
('80','labadiethompson.com'),
('24','lang.com'),
('22','larkinwiegand.net'),
('73','ledner.com'),
('32','legros.net'),
('47','lehner.info'),
('76','lesch.com'),
('17','little.biz'),
('34','little.com'),
('21','marvin.info'),
('38','mcclure.com'),
('90','mclaughlin.biz'),
('10','mohr.com'),
('30','monahan.com'),
('25','moore.com'),
('62','muellergleason.com'),
('5','mullergutkowski.biz'),
('48','nicolas.com'),
('88','nicolas.info'),
('26','nicolas.net'),
('82','oberbrunner.org'),
('71','okon.info'),
('14','ortiz.com'),
('94','price.com'),
('72','pricedaniel.net'),
('51','prohaska.net'),
('49','reichel.com'),
('39','reichelschroeder.com'),
('75','roberts.com'),
('81','roberts.net'),
('70','rolfsonfisher.net'),
('42','romagueracrona.biz'),
('18','rutherford.org'),
('83','ryanmraz.com'),
('1','sanfordabshire.com'),
('95','schadenabshire.com'),
('97','schillermoore.com'),
('43','schimmeldach.com'),
('85','schimmelfeeney.com'),
('84','schneider.com'),
('19','skiles.com'),
('56','skileshettinger.info'),
('8','stehr.biz'),
('35','strackemedhurst.biz'),
('89','streich.com'),
('78','thiel.biz'),
('64','upton.com'),
('33','waters.com'),
('9','wolf.com'),
('87','wuckert.com'),
('59','ziemann.org'),
('69','zieme.info'); 


DROP TABLE IF EXISTS `likes`;
CREATE TABLE `likes` (
  `id` int(10) unsigned NOT NULL AUTO_INCREMENT,
  `user_id` int(10) unsigned NOT NULL,
  `target_id` int(10) unsigned NOT NULL,
  `target_type_id` int(10) unsigned NOT NULL,
  `created_at` datetime DEFAULT current_timestamp(),
  PRIMARY KEY (`id`)
) ENGINE=InnoDB AUTO_INCREMENT=101 DEFAULT CHARSET=utf8 COLLATE=utf8_unicode_ci;

INSERT INTO `likes` VALUES ('1','1','1','1','2010-11-17 12:48:28'),
('2','2','2','2','2004-07-22 15:57:30'),
('3','3','3','3','1993-04-09 04:41:36'),
('4','4','4','4','2001-06-09 11:34:56'),
('5','5','5','5','1997-03-05 19:55:49'),
('6','6','6','6','2009-05-30 17:06:43'),
('7','7','7','7','1987-04-01 17:58:56'),
('8','8','8','8','2000-05-26 15:22:46'),
('9','9','9','9','1986-08-02 07:43:41'),
('10','10','10','10','1994-08-04 07:21:47'),
('11','11','11','11','1985-11-17 00:27:34'),
('12','12','12','12','2003-03-21 11:58:53'),
('13','13','13','13','2000-06-10 17:22:03'),
('14','14','14','14','1994-08-05 19:19:17'),
('15','15','15','15','1991-03-03 15:22:18'),
('16','16','16','16','1992-01-10 07:19:40'),
('17','17','17','17','2002-03-11 19:47:52'),
('18','18','18','18','2013-11-17 17:38:52'),
('19','19','19','19','2012-09-14 11:56:13'),
('20','20','20','20','2009-07-23 17:20:39'),
('21','21','21','21','1998-12-31 12:08:29'),
('22','22','22','22','1976-03-20 09:22:50'),
('23','23','23','23','2014-09-19 15:18:58'),
('24','24','24','24','2017-08-12 20:17:13'),
('25','25','25','25','2007-01-09 13:54:48'),
('26','26','26','26','1976-11-13 08:28:35'),
('27','27','27','27','1974-12-21 15:40:26'),
('28','28','28','28','1993-02-08 23:48:25'),
('29','29','29','29','1976-05-08 04:05:36'),
('30','30','30','30','2000-10-03 22:10:18'),
('31','31','31','31','1978-11-11 02:09:44'),
('32','32','32','32','1974-10-02 12:19:39'),
('33','33','33','33','1988-05-23 20:16:34'),
('34','34','34','34','1974-04-08 11:33:45'),
('35','35','35','35','1971-11-14 00:13:07'),
('36','36','36','36','1983-04-16 18:00:44'),
('37','37','37','37','1980-03-04 09:28:10'),
('38','38','38','38','2009-08-01 02:57:07'),
('39','39','39','39','2018-06-25 14:28:48'),
('40','40','40','40','1970-08-22 21:24:05'),
('41','41','41','41','2012-06-13 07:16:56'),
('42','42','42','42','1993-02-12 21:59:45'),
('43','43','43','43','2008-06-19 06:01:37'),
('44','44','44','44','1971-07-19 19:09:30'),
('45','45','45','45','1993-12-27 09:51:15'),
('46','46','46','46','2016-02-02 08:08:46'),
('47','47','47','47','1991-08-29 08:10:17'),
('48','48','48','48','1992-11-10 02:24:33'),
('49','49','49','49','2011-10-24 21:33:11'),
('50','50','50','50','1988-10-01 21:35:31'),
('51','51','51','51','2000-06-20 06:17:00'),
('52','52','52','52','2016-09-24 12:57:27'),
('53','53','53','53','2001-10-15 08:46:29'),
('54','54','54','54','1987-08-10 05:51:35'),
('55','55','55','55','2012-05-07 17:46:43'),
('56','56','56','56','1987-04-03 02:45:37'),
('57','57','57','57','2017-06-02 05:35:29'),
('58','58','58','58','2000-07-24 00:40:30'),
('59','59','59','59','1974-06-01 14:13:50'),
('60','60','60','60','1988-05-15 02:30:39'),
('61','61','61','61','1987-12-17 07:19:28'),
('62','62','62','62','2018-05-22 03:24:29'),
('63','63','63','63','1997-02-26 06:19:29'),
('64','64','64','64','1975-03-23 08:50:54'),
('65','65','65','65','1981-06-19 11:30:57'),
('66','66','66','66','2004-07-12 20:59:16'),
('67','67','67','67','2001-08-07 15:24:00'),
('68','68','68','68','1983-07-24 23:54:41'),
('69','69','69','69','1972-02-04 09:13:23'),
('70','70','70','70','1972-04-03 10:10:13'),
('71','71','71','71','1979-11-17 03:39:37'),
('72','72','72','72','2006-09-30 02:54:09'),
('73','73','73','73','1978-01-16 10:40:37'),
('74','74','74','74','1992-12-01 08:32:23'),
('75','75','75','75','1989-08-21 03:00:21'),
('76','76','76','76','1981-11-03 20:44:45'),
('77','77','77','77','2016-05-02 23:24:19'),
('78','78','78','78','1998-08-28 03:54:30'),
('79','79','79','79','1988-10-21 22:05:24'),
('80','80','80','80','1974-11-11 13:26:42'),
('81','81','81','81','1979-03-20 05:27:30'),
('82','82','82','82','2010-11-23 12:29:40'),
('83','83','83','83','1997-09-06 08:56:42'),
('84','84','84','84','2004-12-07 20:16:08'),
('85','85','85','85','2015-03-30 19:30:26'),
('86','86','86','86','1986-06-13 06:43:21'),
('87','87','87','87','2004-06-25 08:43:02'),
('88','88','88','88','2007-11-17 21:29:26'),
('89','89','89','89','2007-02-11 13:48:57'),
('90','90','90','90','1975-04-06 03:47:01'),
('91','91','91','91','2007-03-11 06:37:50'),
('92','92','92','92','2006-05-08 07:54:12'),
('93','93','93','93','1993-08-21 06:35:19'),
('94','94','94','94','1990-11-30 04:19:37'),
('95','95','95','95','2013-04-28 00:53:35'),
('96','96','96','96','2011-01-09 19:35:24'),
('97','97','97','97','2017-06-14 04:21:05'),
('98','98','98','98','1990-06-28 11:25:07'),
('99','99','99','99','2012-07-19 15:52:52'),
('100','100','100','100','1976-12-21 13:48:07'); 


DROP TABLE IF EXISTS `media`;
CREATE TABLE `media` (
  `id` int(10) unsigned NOT NULL AUTO_INCREMENT,
  `media_type_id` int(10) unsigned NOT NULL,
  `user_id` int(10) unsigned NOT NULL,
  `filename` varchar(255) COLLATE utf8_unicode_ci NOT NULL,
  `size` int(11) NOT NULL,
  `metadata` longtext CHARACTER SET utf8mb4 COLLATE utf8mb4_bin DEFAULT NULL,
  `created_at` datetime DEFAULT current_timestamp(),
  `updated_at` datetime DEFAULT current_timestamp() ON UPDATE current_timestamp(),
  PRIMARY KEY (`id`)
) ENGINE=InnoDB AUTO_INCREMENT=101 DEFAULT CHARSET=utf8 COLLATE=utf8_unicode_ci;

INSERT INTO `media` VALUES ('1','1','1','adipisci','17',NULL,'1978-01-25 08:41:01','1979-04-19 17:50:20'),
('2','2','2','nemo','5836120',NULL,'1996-05-30 08:09:52','1973-02-19 13:20:47'),
('3','3','3','explicabo','0',NULL,'1991-04-25 16:36:04','1992-06-25 16:54:15'),
('4','4','4','et','226676',NULL,'2005-02-09 19:22:55','2009-05-02 20:45:46'),
('5','5','5','et','767079938',NULL,'1980-03-10 00:33:03','1978-12-07 20:31:05'),
('6','6','6','omnis','0',NULL,'1997-01-19 23:53:43','1983-11-08 01:24:35'),
('7','7','7','enim','7439157',NULL,'1984-07-17 07:07:04','1970-04-18 10:37:14'),
('8','8','8','beatae','1',NULL,'1983-11-01 09:14:46','1981-10-10 12:26:43'),
('9','9','9','dicta','547830',NULL,'1982-02-26 18:55:02','2006-06-08 22:03:57'),
('10','10','10','eum','83163',NULL,'1979-10-30 08:58:04','2003-11-08 04:09:18'),
('11','11','11','vitae','8',NULL,'1976-04-21 16:26:04','1984-04-12 12:36:41'),
('12','12','12','ipsam','7313562',NULL,'2012-05-14 18:05:47','2015-09-28 14:55:44'),
('13','13','13','voluptas','28',NULL,'1995-03-01 04:34:33','1997-02-15 12:56:25'),
('14','14','14','saepe','0',NULL,'2017-08-09 14:28:27','1970-12-17 16:49:16'),
('15','15','15','unde','1283562',NULL,'2005-03-23 15:51:07','2002-07-22 11:16:06'),
('16','16','16','fugit','5955',NULL,'1987-07-09 23:57:20','2012-10-14 07:49:49'),
('17','17','17','quam','0',NULL,'2017-08-15 13:33:23','1998-06-16 13:04:11'),
('18','18','18','dolorem','787',NULL,'2004-07-02 11:41:24','1974-08-22 16:22:55'),
('19','19','19','libero','9915',NULL,'1993-01-07 00:13:24','1972-03-02 15:56:18'),
('20','20','20','voluptas','8111',NULL,'1982-11-05 05:55:57','2002-03-05 14:35:01'),
('21','21','21','quis','865298728',NULL,'2017-02-01 06:30:26','1971-05-10 15:36:33'),
('22','22','22','qui','7781',NULL,'2004-10-29 22:59:53','2017-03-16 03:00:12'),
('23','23','23','voluptatem','86',NULL,'1979-12-26 18:25:36','2011-05-26 00:47:54'),
('24','24','24','sed','37839',NULL,'1997-05-28 08:01:08','1977-08-04 19:00:52'),
('25','25','25','omnis','942980901',NULL,'1983-09-11 15:32:51','1993-07-18 07:36:06'),
('26','26','26','quisquam','59264578',NULL,'1984-09-19 19:32:50','1988-02-10 14:23:35'),
('27','27','27','impedit','1306690',NULL,'1989-09-06 10:07:12','1988-01-04 05:14:28'),
('28','28','28','aut','4',NULL,'1973-07-03 06:31:53','1973-07-20 22:55:54'),
('29','29','29','explicabo','6',NULL,'2007-08-07 04:22:26','1986-02-02 03:37:37'),
('30','30','30','ipsa','950809',NULL,'2005-06-08 00:19:21','2015-12-05 09:05:04'),
('31','31','31','sunt','434',NULL,'2000-02-21 11:23:55','2003-03-24 01:49:32'),
('32','32','32','voluptates','0',NULL,'1985-09-23 14:28:50','1985-03-11 11:52:18'),
('33','33','33','ullam','904',NULL,'2001-03-09 22:18:11','1988-05-02 02:06:06'),
('34','34','34','est','35842',NULL,'2013-08-23 07:43:03','1972-09-24 19:03:54'),
('35','35','35','quidem','216',NULL,'1977-11-22 05:55:33','2001-05-11 02:29:48'),
('36','36','36','perferendis','87662',NULL,'1982-12-07 02:41:03','1988-11-01 16:36:25'),
('37','37','37','non','821',NULL,'1978-01-07 01:41:59','1991-07-03 01:35:30'),
('38','38','38','qui','0',NULL,'2018-06-02 19:17:49','2001-12-10 11:17:34'),
('39','39','39','nisi','71',NULL,'2013-09-26 13:06:52','1991-05-22 21:19:54'),
('40','40','40','blanditiis','5',NULL,'2010-04-05 13:43:34','1978-02-17 04:55:17'),
('41','41','41','iste','98',NULL,'1992-08-17 06:19:38','1997-05-05 12:57:43'),
('42','42','42','quia','378479',NULL,'1998-04-09 15:39:47','1978-08-22 14:54:30'),
('43','43','43','omnis','52233572',NULL,'1989-02-25 01:49:02','1987-03-31 06:24:14'),
('44','44','44','corrupti','39648',NULL,'1991-08-26 05:13:06','2012-03-19 04:25:36'),
('45','45','45','eaque','0',NULL,'1972-07-21 04:33:28','2011-09-23 07:54:28'),
('46','46','46','tempora','0',NULL,'1995-08-20 02:44:45','1970-09-26 02:58:57'),
('47','47','47','vero','686',NULL,'2009-01-18 19:38:19','1995-10-30 01:40:15'),
('48','48','48','ad','2369988',NULL,'2012-05-04 04:30:01','2011-10-26 04:48:52'),
('49','49','49','quo','831',NULL,'2003-04-20 04:43:33','2000-09-28 11:20:18'),
('50','50','50','quae','6741711',NULL,'1982-07-03 18:06:00','2008-11-23 17:40:57'),
('51','51','51','esse','9353',NULL,'1972-03-07 18:22:03','1979-01-14 04:06:36'),
('52','52','52','sed','2',NULL,'2001-03-29 22:18:28','1988-11-28 11:25:19'),
('53','53','53','optio','746',NULL,'1976-10-06 20:25:33','2014-10-14 15:26:04'),
('54','54','54','qui','460529695',NULL,'2016-08-30 01:15:09','1971-05-23 11:32:14'),
('55','55','55','et','0',NULL,'2011-12-24 13:40:13','1996-04-12 23:35:42'),
('56','56','56','eos','0',NULL,'2017-11-09 22:27:31','1985-06-12 08:17:54'),
('57','57','57','natus','70936074',NULL,'1987-11-26 20:20:59','1989-07-14 12:07:30'),
('58','58','58','quod','461571',NULL,'1978-12-31 04:36:06','1977-12-10 18:57:21'),
('59','59','59','et','7',NULL,'2005-12-02 14:21:05','2002-11-11 07:39:19'),
('60','60','60','praesentium','37035476',NULL,'1998-10-30 00:01:44','1974-01-20 05:31:17'),
('61','61','61','placeat','429',NULL,'1970-09-02 08:55:01','1977-08-11 17:21:37'),
('62','62','62','aut','260',NULL,'1972-01-03 18:28:07','1974-12-23 08:00:11'),
('63','63','63','eius','283',NULL,'2007-12-01 19:05:03','2005-07-13 17:11:31'),
('64','64','64','quis','595',NULL,'2010-11-04 05:36:52','1997-11-29 21:45:55'),
('65','65','65','omnis','38',NULL,'2012-11-27 22:08:29','1971-05-22 05:29:08'),
('66','66','66','sed','927',NULL,'1989-03-18 09:56:34','2002-03-04 07:48:00'),
('67','67','67','qui','1014',NULL,'2016-10-08 18:36:15','1980-10-15 22:30:12'),
('68','68','68','voluptatem','180410590',NULL,'1993-11-26 22:16:02','1979-09-12 05:48:02'),
('69','69','69','quo','329543773',NULL,'1986-02-18 13:21:43','2015-03-06 23:51:21'),
('70','70','70','id','78',NULL,'1989-11-11 02:04:40','2007-04-05 08:44:39'),
('71','71','71','iure','4268151',NULL,'1980-11-20 12:52:53','2013-10-07 14:35:00'),
('72','72','72','ut','2',NULL,'2009-10-03 01:51:03','2003-12-26 04:33:58'),
('73','73','73','sed','259401',NULL,'1996-01-02 09:00:34','2008-10-06 14:32:12'),
('74','74','74','odio','85290165',NULL,'1978-02-19 08:15:41','2017-12-29 10:53:32'),
('75','75','75','quo','849',NULL,'2008-10-23 18:39:21','1997-02-23 17:27:57'),
('76','76','76','ea','22735870',NULL,'2016-09-12 14:56:30','1988-08-03 18:51:53'),
('77','77','77','excepturi','62678528',NULL,'1971-10-01 02:35:32','2005-04-17 03:24:11'),
('78','78','78','perspiciatis','902',NULL,'2017-01-03 17:23:21','2005-06-07 18:24:29'),
('79','79','79','soluta','19524690',NULL,'1971-12-05 15:35:58','1984-02-29 17:45:54'),
('80','80','80','repudiandae','759974861',NULL,'1990-01-03 16:46:38','2013-06-09 20:18:01'),
('81','81','81','possimus','35184224',NULL,'2006-04-05 15:18:35','2016-02-20 12:38:19'),
('82','82','82','nulla','5494',NULL,'1998-02-14 18:25:58','1990-12-02 02:36:26'),
('83','83','83','impedit','8',NULL,'2013-09-08 05:09:34','2008-07-01 15:04:30'),
('84','84','84','beatae','803052759',NULL,'1989-05-31 13:17:59','1999-08-21 17:50:54'),
('85','85','85','quod','5261521',NULL,'2009-03-06 16:25:27','1990-11-20 13:29:41'),
('86','86','86','excepturi','52734',NULL,'1999-07-14 07:36:58','2010-01-31 15:04:04'),
('87','87','87','dolorem','690',NULL,'2005-03-19 11:12:57','1976-07-22 20:47:44'),
('88','88','88','et','38',NULL,'1987-10-07 23:45:11','2002-03-31 05:25:53'),
('89','89','89','quis','22',NULL,'2016-05-07 23:42:40','1981-12-27 13:46:53'),
('90','90','90','id','865848',NULL,'2007-04-08 16:48:38','1971-09-19 13:21:57'),
('91','91','91','tenetur','4',NULL,'1980-07-31 20:31:46','2003-08-17 01:59:06'),
('92','92','92','aspernatur','1091',NULL,'1994-03-13 21:37:02','2000-06-03 21:58:59'),
('93','93','93','est','612202',NULL,'1998-03-13 09:48:09','1976-02-12 11:45:26'),
('94','94','94','earum','287',NULL,'2009-08-11 08:36:15','1987-10-05 02:31:05'),
('95','95','95','possimus','96',NULL,'1976-07-08 14:13:19','2006-03-24 16:36:44'),
('96','96','96','sunt','23102074',NULL,'1991-12-27 18:06:05','1984-09-04 08:34:30'),
('97','97','97','eius','8727596',NULL,'2005-03-17 23:39:56','1971-01-14 12:57:42'),
('98','98','98','dolorum','3739',NULL,'2011-10-04 02:51:30','2016-03-21 06:36:24'),
('99','99','99','magnam','38',NULL,'2007-04-05 06:55:43','2011-02-04 03:44:04'),
('100','100','100','sint','93',NULL,'2006-09-29 19:40:12','1999-02-16 13:37:52'); 


DROP TABLE IF EXISTS `media_types`;
CREATE TABLE `media_types` (
  `id` int(10) unsigned NOT NULL AUTO_INCREMENT,
  `name` varchar(255) COLLATE utf8_unicode_ci NOT NULL,
  PRIMARY KEY (`id`),
  UNIQUE KEY `name` (`name`)
) ENGINE=InnoDB AUTO_INCREMENT=101 DEFAULT CHARSET=utf8 COLLATE=utf8_unicode_ci;

INSERT INTO `media_types` VALUES ('87','accusamus'),
('60','adipisci'),
('18','alias'),
('53','aliquam'),
('47','amet'),
('5','aperiam'),
('1','asperiores'),
('10','aspernatur'),
('51','assumenda'),
('9','atque'),
('28','aut'),
('73','beatae'),
('62','consectetur'),
('49','consequatur'),
('63','consequuntur'),
('40','corporis'),
('24','cumque'),
('46','cupiditate'),
('29','deserunt'),
('71','dicta'),
('54','dignissimos'),
('38','distinctio'),
('75','dolor'),
('66','dolorem'),
('92','doloremque'),
('56','dolores'),
('77','eaque'),
('58','earum'),
('19','eligendi'),
('36','enim'),
('45','eos'),
('39','est'),
('20','et'),
('11','eum'),
('79','eveniet'),
('99','ex'),
('64','excepturi'),
('15','exercitationem'),
('68','expedita'),
('76','explicabo'),
('22','facere'),
('41','harum'),
('86','hic'),
('82','id'),
('74','illo'),
('89','illum'),
('13','impedit'),
('33','in'),
('97','incidunt'),
('43','ipsum'),
('32','iste'),
('21','iure'),
('26','labore'),
('84','maxime'),
('96','minima'),
('81','natus'),
('52','necessitatibus'),
('85','neque'),
('98','nihil'),
('44','non'),
('83','nostrum'),
('17','officia'),
('91','officiis'),
('100','omnis'),
('8','optio'),
('23','pariatur'),
('34','perferendis'),
('67','perspiciatis'),
('93','porro'),
('31','possimus'),
('90','provident'),
('95','quasi'),
('16','qui'),
('12','quia'),
('61','quibusdam'),
('55','quod'),
('50','quos'),
('48','ratione'),
('30','reiciendis'),
('35','repellendus'),
('88','reprehenderit'),
('80','repudiandae'),
('57','rerum'),
('27','saepe'),
('59','sapiente'),
('7','sed'),
('2','similique'),
('6','sit'),
('72','soluta'),
('42','sunt'),
('37','suscipit'),
('65','tenetur'),
('94','ullam'),
('3','ut'),
('70','velit'),
('14','vero'),
('78','vitae'),
('25','voluptas'),
('4','voluptatem'),
('69','voluptatum'); 


DROP TABLE IF EXISTS `messages`;
CREATE TABLE `messages` (
  `id` int(10) unsigned NOT NULL AUTO_INCREMENT,
  `from_user_id` int(10) unsigned NOT NULL,
  `to_user_id` int(10) unsigned NOT NULL,
  `body` text COLLATE utf8_unicode_ci NOT NULL,
  `important` tinyint(1) DEFAULT NULL,
  `delivered` tinyint(1) DEFAULT NULL,
  `created_at` datetime DEFAULT current_timestamp(),
  PRIMARY KEY (`id`)
) ENGINE=InnoDB AUTO_INCREMENT=101 DEFAULT CHARSET=utf8 COLLATE=utf8_unicode_ci;

INSERT INTO `messages` VALUES ('1','1','645','Optio similique quis labore sint possimus et modi. Doloribus ut minima ut doloremque aut voluptate iste. Accusamus sit est laudantium eos porro. Ullam earum ea delectus eos sunt alias quo. Soluta placeat qui dolorem voluptatem harum recusandae accusamus ut.',NULL,NULL,'1999-09-18 06:28:52'),
('2','2','85','Iure est eum distinctio possimus tenetur. Magni aut placeat perferendis est nobis eveniet ipsum. Cumque laudantium sed sit corporis vel ut fuga. Minus earum vel totam voluptatem atque sed aut.',NULL,NULL,'1985-02-18 15:03:51'),
('3','3','523','Quos alias aliquid blanditiis repellendus. Et et perspiciatis ducimus ab. Magni est consequuntur quas nam vero eum.',NULL,NULL,'1980-09-11 06:32:10'),
('4','4','56','Numquam mollitia voluptas similique voluptas sint sed. Ut libero rerum sint aspernatur. Quis voluptatibus velit nobis.',NULL,NULL,'2005-12-20 15:27:02'),
('5','5','67','Dolorem dolor quibusdam dolorem voluptatem consequatur. Reprehenderit voluptates maxime voluptate ea omnis ducimus laboriosam. Sit vitae eligendi quae temporibus. Commodi nihil est exercitationem voluptatum repudiandae.',NULL,NULL,'1973-06-12 03:53:35'),
('6','6','234','Quis hic consequuntur iste facere quia. Mollitia et officiis dolores aperiam. Nobis fugit aut consequatur ut sed. Aperiam recusandae quia repellat aliquam ut mollitia.',NULL,NULL,'1993-08-16 02:22:29'),
('7','7','652','Deserunt sit nam quas vero iure perspiciatis neque. Ut dolorem nostrum culpa qui cum non. Nihil et sed sit. Distinctio qui tempore et.',NULL,NULL,'2003-07-12 04:49:36'),
('8','8','60','Consequuntur laudantium vitae explicabo fugit aperiam. Accusantium rerum consequatur delectus vitae doloribus velit animi. Quo veniam numquam sequi ab. Cum consequuntur minima asperiores voluptatem maxime. Earum eveniet asperiores recusandae.',NULL,NULL,'2003-09-05 09:45:40'),
('9','9','732','Aut vel eveniet et est cum et veniam. Nesciunt est molestias alias culpa ipsum dignissimos quas. Iste sit modi repudiandae. Eum recusandae quia et adipisci et.',NULL,NULL,'1974-04-30 03:47:01'),
('10','10','542','Nobis occaecati pariatur animi eos. Suscipit qui quibusdam omnis doloremque tempore. Aliquid officia minus laborum incidunt ad molestiae cumque. Quia molestiae velit est labore asperiores reiciendis.',NULL,NULL,'2003-11-30 22:35:58'),
('11','11','35','Doloremque voluptatem dolorem magni eveniet. Consequatur distinctio id totam tenetur. Sunt asperiores quia natus tenetur. Officia necessitatibus quam ipsum illo rerum qui. Quibusdam sed cum velit ea itaque aut.',NULL,NULL,'1997-12-10 20:07:17'),
('12','12','545','Ut cumque suscipit in soluta accusamus. Officia magni tempore quaerat cum aut consequuntur et.',NULL,NULL,'2000-11-21 00:28:09'),
('13','13','538','Dolor explicabo ipsam debitis hic at voluptatibus. Ratione molestias omnis dolorem voluptas quia et. Cupiditate consequatur facilis consequuntur id consequatur odit officia. Rem harum ut explicabo qui iste officia non asperiores.',NULL,NULL,'1983-01-16 12:13:21'),
('14','14','989','Odio labore ullam autem necessitatibus. Autem nemo atque aperiam ullam sapiente vel. Consequatur quia corrupti molestiae illo. Ab qui vero culpa amet dolores iste.',NULL,NULL,'1980-05-04 16:25:36'),
('15','15','501','Quo quia earum esse fuga et. Totam quisquam eius et ea sit soluta nulla. Porro praesentium aliquam quo vero ex velit voluptatem.',NULL,NULL,'1978-06-26 21:01:14'),
('16','16','381','Facilis quia veritatis eos aspernatur cumque consequatur. Unde ducimus nesciunt omnis ipsam magni. Quo dignissimos nobis vitae consequuntur ea. Iusto officiis cumque et dolorem asperiores. Officiis illum dolorem quia.',NULL,NULL,'2017-03-07 16:41:49'),
('17','17','266','Modi itaque eum asperiores ullam et recusandae sunt. Omnis et quidem aut culpa. Consequatur officiis nisi vel omnis. Est aut illo reprehenderit nihil laboriosam tenetur.',NULL,NULL,'2008-08-24 14:09:24'),
('18','18','560','Et molestias hic recusandae nostrum exercitationem. Est sit qui molestiae accusantium. Quia quia voluptatibus quod dolorum aliquam reiciendis quia. Sed eos dolor officiis eveniet modi facilis.',NULL,NULL,'1974-03-14 03:58:33'),
('19','19','215','Aut ut molestias reiciendis sit quidem voluptate. Labore et porro in sit voluptatem perspiciatis molestias. Adipisci sint consequatur exercitationem magni ea officiis.',NULL,NULL,'1988-09-04 16:05:01'),
('20','20','777','Dolor quas incidunt nisi quidem perspiciatis deleniti. Tempora aliquid ea enim quaerat impedit aspernatur deleniti.',NULL,NULL,'1999-05-16 08:10:49'),
('21','21','376','Atque aut dignissimos quidem blanditiis voluptas dolor qui. Architecto placeat iusto facere aliquam soluta. Rerum voluptatem numquam eaque provident molestias qui dignissimos. Dolorem est recusandae doloribus omnis aliquam.',NULL,NULL,'2019-04-01 19:34:27'),
('22','22','280','Quia nisi vel tenetur velit ea. Non alias qui dolore enim laboriosam qui. Sit et accusamus corporis sapiente laborum omnis.',NULL,NULL,'2015-04-14 01:10:58'),
('23','23','108','Reiciendis id voluptatum temporibus iure ducimus quia culpa quo. Officia ea velit quia ipsam. Perspiciatis impedit est ea error qui.',NULL,NULL,'1970-08-21 14:52:26'),
('24','24','843','Voluptatibus voluptas ipsa tempora iusto sint. Consequatur illum eveniet assumenda non praesentium doloremque quo.',NULL,NULL,'1973-03-23 01:21:30'),
('25','25','196','Dolores fuga vero consequatur quibusdam. Aliquid quod est rem provident repellendus. Modi ex nulla delectus sunt rem.',NULL,NULL,'1996-12-09 06:03:38'),
('26','26','837','Doloribus quae consequatur voluptates vel vero tempora occaecati autem. Quisquam culpa mollitia fugit ratione sunt. Et rerum quia et rerum.',NULL,NULL,'1973-02-06 16:17:43'),
('27','27','241','Similique placeat temporibus voluptas sed et. Dolorem et sit magnam voluptas expedita quibusdam veniam. Dolor quo voluptas earum sunt sint.',NULL,NULL,'1998-09-22 03:49:03'),
('28','28','729','Unde voluptates cumque corporis. Eum et iusto quia cum qui laudantium ut. Illo exercitationem aut laboriosam quasi saepe. Molestiae aut tempora ducimus. Voluptatum sequi eum sapiente totam rem.',NULL,NULL,'1995-06-03 02:19:12'),
('29','29','49','Quod harum aut eos in. Dolore exercitationem qui aut sed quis. Qui sapiente soluta libero ut. Praesentium modi et voluptas maxime autem officiis sint qui.',NULL,NULL,'1972-03-21 21:09:48'),
('30','30','230','Beatae impedit modi pariatur perspiciatis quisquam non. Quae voluptatem maxime nobis recusandae eos. Rem odio sed perspiciatis eos et nulla perferendis dolorem. Ipsum doloribus ipsam molestiae enim tempore.',NULL,NULL,'1978-08-19 09:50:03'),
('31','31','594','Inventore inventore non accusantium eos. In nam rerum qui eum.',NULL,NULL,'1993-02-07 15:44:17'),
('32','32','694','Asperiores quo exercitationem consequatur ipsum consectetur dicta fugiat ad. Consequatur veritatis debitis eos blanditiis est vel voluptatum veniam. Eos et perspiciatis quaerat.',NULL,NULL,'2004-12-22 02:30:06'),
('33','33','315','Nobis ut deleniti aperiam magni eum. Optio animi omnis sapiente illum. Perspiciatis sit sapiente numquam placeat.',NULL,NULL,'1983-11-18 07:46:25'),
('34','34','117','Dolorum est accusamus voluptatem ut sunt. Provident magni ea voluptas voluptate. Occaecati cupiditate aspernatur rem dolor dicta corporis. Porro impedit nemo et adipisci vero similique animi odio.',NULL,NULL,'1999-12-09 13:56:27'),
('35','35','750','Ipsa perferendis et maiores aut ea dolore velit. Et a architecto ex corporis cupiditate. Quisquam provident autem hic nemo recusandae. Placeat quo iure mollitia aut earum minus et ut.',NULL,NULL,'2011-07-18 11:13:14'),
('36','36','381','Placeat odit facilis voluptas ut. Iusto expedita recusandae sed iure voluptas qui dolorem dolores.',NULL,NULL,'2000-01-20 20:47:39'),
('37','37','350','Eius a qui consequuntur nemo enim. Modi quaerat necessitatibus adipisci et dolor rerum dignissimos. Labore ex pariatur explicabo qui facere in.',NULL,NULL,'2014-10-21 10:37:38'),
('38','38','401','Laudantium dolor voluptatem error assumenda sint error ratione. Porro quidem dolorum earum est ipsam. Suscipit repudiandae rerum sapiente fugit ea quas possimus aspernatur.',NULL,NULL,'1985-04-08 05:19:37'),
('39','39','441','Aut sit porro occaecati quia pariatur. Aspernatur autem atque necessitatibus suscipit omnis autem. Suscipit eveniet quidem earum dolorem excepturi molestiae. Nam veniam sunt sunt perferendis sed.',NULL,NULL,'2005-04-05 18:22:21'),
('40','40','81','Ut voluptatum dolorum saepe nesciunt dolore. Omnis error voluptates enim voluptatem. Tempora minus ea maxime est. Tenetur ipsa architecto repudiandae non qui est labore.',NULL,NULL,'2015-09-26 08:25:21'),
('41','41','942','A voluptas accusamus tempora omnis velit ex placeat. Dolore dolor temporibus adipisci amet rem sint dolor.',NULL,NULL,'1972-10-25 00:31:38'),
('42','42','475','Dolorem modi rerum blanditiis aliquam. Praesentium rem rerum recusandae non et numquam. Velit fugiat recusandae eaque repellat ab dicta. Dolor qui ut aut nesciunt nisi quia.',NULL,NULL,'1983-01-08 17:44:32'),
('43','43','625','Et et molestiae minus qui voluptatum qui. Repellat minus maiores voluptatem quam ut et. Et vitae qui aut maiores laborum ad cupiditate vero.',NULL,NULL,'2016-06-27 23:03:35'),
('44','44','480','Est hic corrupti quo aut. Odio culpa harum quia dolore beatae. Voluptas et doloribus et. Quaerat veniam vel ut autem qui similique explicabo.',NULL,NULL,'1997-12-12 11:03:07'),
('45','45','464','Sed illum corrupti similique qui esse voluptatibus porro aperiam. Minus magni mollitia id quod sed. Ullam est repellendus non. Minima est qui est inventore quia iure.',NULL,NULL,'1975-03-12 22:20:46'),
('46','46','126','Est ratione exercitationem saepe est sit totam ut distinctio. Perferendis ratione rerum inventore vel. Veritatis voluptatem perspiciatis recusandae ut sit occaecati cumque ipsum. Repudiandae ipsa officia ullam est.',NULL,NULL,'1999-03-19 16:51:33'),
('47','47','860','Et ut tenetur laboriosam explicabo quibusdam. Natus fugiat vero reprehenderit asperiores ut qui eos. Sequi quibusdam cumque doloribus aut dicta et reprehenderit.',NULL,NULL,'2014-06-26 21:30:32'),
('48','48','730','Minima aspernatur laudantium optio et. Et et at perferendis non temporibus et sunt. Voluptas quidem aut cupiditate nisi. Sunt commodi eveniet saepe et.',NULL,NULL,'2019-06-28 10:35:06'),
('49','49','686','Aut inventore mollitia omnis. Facilis sunt magnam non voluptatem assumenda voluptatibus tenetur. Est rerum repudiandae pariatur deleniti quia harum est rerum. Quod voluptatem quis cumque eaque rerum.',NULL,NULL,'1974-08-02 07:44:57'),
('50','50','75','Est labore ut fugit tempora cum. Ullam aut nihil aliquid rerum et. Possimus inventore sed sit voluptatem ut a asperiores. Tempore maxime beatae ea itaque.',NULL,NULL,'1987-02-01 23:54:15'),
('51','51','506','Fuga voluptatum aut ipsa expedita et quo. Quas iure odit reprehenderit ad laudantium inventore repellendus.',NULL,NULL,'2018-09-21 12:03:10'),
('52','52','61','Voluptates quisquam officiis dolorum ut repudiandae harum quo laboriosam. Sed occaecati consequatur minima. Velit quo tempore reprehenderit cupiditate qui quia aut.',NULL,NULL,'1984-08-18 02:19:48'),
('53','53','354','Earum ipsum quas expedita ipsum iusto. Debitis accusamus cumque qui facilis dolore consequatur illum. Quo dolorum consequatur ut laboriosam accusamus repellat. Ut sit repellendus praesentium.',NULL,NULL,'1993-03-21 19:46:34'),
('54','54','614','Aut aperiam dolor culpa voluptatem corrupti voluptates aliquid. Rerum delectus minus deserunt vitae quia. Aperiam eos mollitia ipsum totam rerum vel. Ut quasi dolor officia minima dolore. Aspernatur eos laborum ut cum cum non dolorem.',NULL,NULL,'2000-07-24 23:24:41'),
('55','55','904','Sint eos voluptate deserunt ut quis fugit non asperiores. Adipisci minima hic excepturi provident quos nam. Enim ipsam est sed nulla aut iure. Temporibus eum sit autem aut repudiandae in dignissimos ab.',NULL,NULL,'1985-06-14 10:33:13'),
('56','56','550','Omnis minus aut necessitatibus commodi. Provident omnis aut consequuntur sint maiores. Modi ut labore minima. Ducimus iste modi sit facere.',NULL,NULL,'1983-07-17 11:55:45'),
('57','57','450','Quae dignissimos non aut dolores ullam. Voluptatibus qui natus adipisci omnis at tenetur quibusdam. Alias quos nihil ut inventore eligendi saepe.',NULL,NULL,'1979-09-23 12:33:37'),
('58','58','145','Et voluptatem error tempora sint qui minus quo. Hic repellendus sint qui hic ut. Sunt quas qui et debitis incidunt.',NULL,NULL,'1972-04-30 02:06:51'),
('59','59','278','Et cum sint corporis consequatur. Eaque dolor nesciunt magni eveniet officia assumenda est. Praesentium eos voluptatem libero rerum.',NULL,NULL,'1974-09-07 20:07:24'),
('60','60','499','Libero nesciunt quod cupiditate numquam nostrum eum. Sint esse eos earum ut. Explicabo sint ad esse consequatur.',NULL,NULL,'2018-12-21 19:25:31'),
('61','61','374','Dolorum fugiat ea accusamus illo rerum veritatis. Vel vitae a molestiae consequatur in porro aut. Consequatur nihil a reiciendis est eaque provident.',NULL,NULL,'2002-06-02 01:28:20'),
('62','62','872','Minima dolore numquam ut quo ut. Labore nulla modi ad voluptatibus et. Atque facilis dolores aut est officia ut. Et nihil laudantium et recusandae dolor ea illum.',NULL,NULL,'1991-06-08 01:17:39'),
('63','63','192','Unde quia impedit eos possimus eos corrupti qui. Voluptatem voluptatem deserunt possimus facilis quaerat. Mollitia sed alias et dolorum nemo. Ut similique ratione delectus rerum dolor.',NULL,NULL,'2013-01-29 19:41:56'),
('64','64','689','Voluptas perspiciatis occaecati quia quo. Rerum et officiis adipisci ad voluptatem nesciunt. Rerum velit molestias ea sit nesciunt officia.',NULL,NULL,'1974-11-10 06:28:32'),
('65','65','988','Quo rerum officiis velit tempora. Magnam aspernatur unde voluptatem sed sunt hic.',NULL,NULL,'1987-02-09 16:41:57'),
('66','66','941','Velit sed eos fugiat dolorem aliquam aut aut. Doloribus atque omnis vitae porro quis qui repellendus. Aut illum unde dolores.',NULL,NULL,'2017-05-03 08:14:28'),
('67','67','70','Voluptas quidem velit nesciunt nihil. Labore aut nulla officiis voluptas. Ut minima non et eligendi ducimus distinctio ut.',NULL,NULL,'2011-04-11 19:54:04'),
('68','68','337','Possimus natus quae sapiente et. Officia quasi hic harum veritatis. Excepturi laboriosam excepturi qui maiores autem earum. Quo exercitationem cupiditate quas sunt.',NULL,NULL,'2001-07-19 14:04:55'),
('69','69','342','Eos vero accusamus perspiciatis occaecati quae. Voluptatibus soluta modi velit. Ut sunt id voluptatem pariatur sit iure aliquid. Labore quis fuga aut et. Suscipit omnis dolor eligendi vero ipsa.',NULL,NULL,'2000-03-07 10:09:06'),
('70','70','510','Quo voluptate numquam harum fuga. Ea delectus et deserunt nulla ullam sunt temporibus. Vero nobis et possimus aperiam voluptatum voluptate molestias. Et delectus dolorem sunt vero commodi.',NULL,NULL,'2006-01-23 23:21:23'),
('71','71','418','Voluptatum quo dolor nihil molestias et sit. Maiores debitis esse libero consequuntur. Quos eos sunt quidem eligendi quas libero ut eveniet. Ea aut rerum et occaecati.',NULL,NULL,'1975-03-25 17:18:44'),
('72','72','284','Non odit vel omnis incidunt nam voluptatem. Vero dolores animi accusamus laboriosam quam placeat autem. Harum quod voluptatem maiores ducimus error sunt.',NULL,NULL,'2002-08-02 12:51:05'),
('73','73','985','Itaque maxime enim sint qui rerum. Et quod laboriosam laudantium voluptatem. Velit reprehenderit at quae dolorem officiis. Nemo dolorum est velit autem mollitia voluptas.',NULL,NULL,'2001-08-25 04:36:04'),
('74','74','43','Qui voluptas ea quaerat eos quo cum et. Fugiat aut et soluta aliquid blanditiis similique qui. Aut est esse ut quibusdam quibusdam possimus explicabo. Omnis voluptatum unde eum adipisci.',NULL,NULL,'1983-04-30 05:41:45'),
('75','75','763','Id odit eos molestiae aut unde fugit. Doloribus qui quia et vel. Aspernatur deserunt sapiente officiis ratione nulla ea. Omnis enim officiis accusamus.',NULL,NULL,'2001-06-25 15:47:25'),
('76','76','449','At consequatur sint explicabo id qui sed et. Veniam ad earum deserunt laborum. Autem qui rerum sit voluptas distinctio. Est modi repellendus odit est. Nihil quas beatae possimus quaerat totam cupiditate.',NULL,NULL,'2013-08-24 13:23:17'),
('77','77','168','Nihil et enim consequatur autem. Et quaerat voluptatem earum non distinctio et. Ut ut tenetur et repellendus qui beatae ut.',NULL,NULL,'2011-11-02 08:03:01'),
('78','78','622','Voluptates ut sed omnis quae deserunt et voluptatem. Vel ea corrupti ut explicabo eos voluptatem. Velit voluptas magnam ut at id et. Quis ipsum sint molestiae in est mollitia qui maxime.',NULL,NULL,'2001-07-22 04:23:40'),
('79','79','178','Libero consequatur nihil nesciunt esse. Blanditiis qui deserunt tempora eius molestiae iure totam.',NULL,NULL,'2006-04-23 06:28:48'),
('80','80','854','Asperiores quibusdam veritatis recusandae nostrum aut ea dicta. Totam cumque maiores provident et doloribus cum quis. Quia dolorem et quod consequatur exercitationem odit qui nam. Consequatur sed culpa dolore molestiae aliquid temporibus.',NULL,NULL,'1999-01-04 12:31:32'),
('81','81','696','Unde nulla ea beatae voluptas hic nihil ab quia. Eum delectus minima adipisci eaque expedita similique. Et eaque ea aut optio dolorum omnis.',NULL,NULL,'2009-08-29 14:11:05'),
('82','82','684','Officiis doloremque repellendus aut. Quia in dolorem voluptas facilis numquam laudantium. Quo saepe maxime dolore ex molestiae autem. Accusantium quis et ullam dolor nobis.',NULL,NULL,'1970-07-18 16:07:11'),
('83','83','914','Dolores ut atque repellendus quam consequatur beatae. Quo dolorem consequatur et necessitatibus. Rerum nostrum distinctio alias et expedita. Sapiente consequatur cupiditate sed aut.',NULL,NULL,'1980-02-13 20:44:10'),
('84','84','50','Quis laboriosam facilis molestiae et. Accusantium quod totam commodi minima.',NULL,NULL,'1983-08-29 20:39:07'),
('85','85','298','Necessitatibus ea molestiae est quidem nihil explicabo. Suscipit quo tenetur nemo aut. Atque doloremque quia qui autem. Facilis nesciunt sint fugit eaque doloribus dolor.',NULL,NULL,'2005-12-17 22:29:19'),
('86','86','818','Eaque vel quia quas sunt corporis fugiat labore. Non voluptates illo ad dolor voluptatem optio. Perspiciatis facilis consequuntur voluptate. Tenetur et dolorem cupiditate.',NULL,NULL,'1998-07-19 18:54:13'),
('87','87','599','Qui qui et quia. Sed culpa sapiente quo qui. Dolorem in dolorum enim nulla officia esse. Nesciunt facere et est omnis voluptatem molestiae voluptatem.',NULL,NULL,'2012-09-22 18:16:51'),
('88','88','747','In et incidunt commodi adipisci et eius rerum. Esse ex ut et blanditiis ut. Ullam quia dolorem excepturi laudantium et tempore. Quibusdam molestiae suscipit repudiandae molestiae dolorum in modi.',NULL,NULL,'2000-10-19 03:10:18'),
('89','89','962','Eum ratione quo quibusdam nihil. Accusamus quia exercitationem eum dolore. Quia non nostrum reiciendis et fugit consequuntur. Magni dolores sed odit aliquid et blanditiis vel dolores. Enim est iure nihil inventore sunt accusantium ea.',NULL,NULL,'1991-08-29 17:29:47'),
('90','90','877','Excepturi corrupti fuga dignissimos in. Et velit fugit voluptate non. Ut aperiam veritatis quas nostrum.',NULL,NULL,'1977-08-31 02:10:42'),
('91','91','246','Saepe et debitis adipisci omnis repellendus labore nisi. Quas adipisci ipsam quis et eum. Magnam tempore labore eligendi dicta.',NULL,NULL,'1988-12-08 23:58:03'),
('92','92','336','Et officiis suscipit optio fugiat mollitia aliquid. Praesentium at delectus tempore consectetur facilis. Illo perspiciatis labore labore dolores.',NULL,NULL,'2002-12-05 08:24:02'),
('93','93','749','Eum odit cumque natus libero temporibus est officiis porro. Blanditiis quisquam accusamus quidem architecto veritatis impedit. Sapiente rem sit vel aperiam natus et aut. Et esse assumenda ut soluta temporibus illo et.',NULL,NULL,'1977-08-24 21:09:32'),
('94','94','437','Esse hic tempore voluptatem possimus hic enim debitis officiis. Maiores minima ex asperiores ullam architecto nesciunt reprehenderit. Cum earum qui maxime. Ea ullam ut modi iusto eum saepe.',NULL,NULL,'1976-03-30 02:31:02'),
('95','95','25','Molestias quibusdam ipsam dolores ea architecto. Ut et numquam ipsum et sed. Voluptas a et nihil quia perferendis. Quae ea sunt reprehenderit sit voluptas repellat.',NULL,NULL,'1997-08-18 07:05:18'),
('96','96','737','Esse sunt consequuntur autem corporis quidem. Nemo unde quibusdam iusto aliquid iste. Est quas aliquid eligendi ut. Sint repellendus ratione illo repudiandae unde.',NULL,NULL,'1977-07-05 16:27:53'),
('97','97','378','Maxime at sunt porro deleniti non et cum. Consequatur praesentium quae quae excepturi eos occaecati sunt. Corrupti minima aut qui qui.',NULL,NULL,'1973-05-30 16:31:45'),
('98','98','94','Omnis aperiam error nemo autem deserunt exercitationem est aut. Et velit ea odio quod ullam in. Reiciendis soluta nisi et harum rem.',NULL,NULL,'2013-09-18 22:05:48'),
('99','99','73','Eveniet deserunt minus ullam adipisci in. Maiores porro similique rerum nemo. Qui molestias voluptas enim neque vitae aperiam.',NULL,NULL,'1998-12-08 02:40:26'),
('100','100','720','Ab ullam sit enim in. Quia nostrum aliquid eaque quis. Odit sit doloremque sit omnis culpa.',NULL,NULL,'2011-11-12 11:08:31'); 


DROP TABLE IF EXISTS `photos`;
CREATE TABLE `photos` (
  `photo_id` int(10) unsigned NOT NULL,
  `metadata` longtext CHARACTER SET utf8mb4 COLLATE utf8mb4_bin DEFAULT NULL,
  `created_at` datetime DEFAULT current_timestamp(),
  `updated_at` datetime DEFAULT current_timestamp() ON UPDATE current_timestamp(),
  PRIMARY KEY (`photo_id`)
) ENGINE=InnoDB DEFAULT CHARSET=utf8 COLLATE=utf8_unicode_ci;

INSERT INTO `photos` VALUES ('0',NULL,'2015-02-06 09:34:40','2011-02-03 13:10:05'),
('1',NULL,'1999-12-25 21:16:20','1995-05-02 16:30:26'),
('2',NULL,'1989-07-06 19:52:21','1988-10-16 23:47:09'),
('3',NULL,'1978-08-25 22:21:00','1978-12-20 16:01:52'),
('4',NULL,'1992-01-30 02:22:28','1993-12-18 13:25:28'),
('5',NULL,'1995-02-22 11:37:44','1983-03-25 22:31:40'),
('6',NULL,'1998-02-02 15:25:02','2013-05-16 01:48:07'),
('7',NULL,'2017-08-31 12:25:24','1977-07-06 14:28:41'),
('8',NULL,'1983-06-11 19:50:02','1999-07-24 05:43:37'),
('9',NULL,'1971-04-29 22:43:27','1986-02-10 00:37:30'),
('10',NULL,'2003-01-26 20:13:58','2011-01-14 15:26:06'),
('11',NULL,'1973-05-03 20:04:43','1986-02-01 14:06:45'),
('12',NULL,'2018-10-10 09:44:53','1970-07-22 09:14:24'),
('13',NULL,'2010-05-05 10:32:51','2013-07-24 03:28:40'),
('14',NULL,'1977-09-06 14:01:03','1988-01-07 18:29:46'),
('17',NULL,'2009-12-26 15:06:36','1992-05-23 15:07:58'),
('19',NULL,'2006-11-14 00:58:45','1989-06-19 11:22:24'),
('20',NULL,'1978-04-07 23:19:13','2013-10-24 03:37:18'),
('21',NULL,'2007-03-22 07:53:32','1983-10-13 07:18:21'),
('22',NULL,'1979-09-21 12:40:25','1978-12-11 09:11:43'),
('23',NULL,'2017-07-12 05:34:16','1990-11-14 03:05:23'),
('25',NULL,'1975-05-10 22:47:48','1981-09-20 20:06:52'),
('26',NULL,'1977-08-26 21:39:54','1981-12-09 03:04:49'),
('27',NULL,'1992-02-15 15:51:02','1983-12-20 03:32:19'),
('28',NULL,'2006-09-07 03:33:08','2019-06-29 08:43:23'),
('29',NULL,'2006-06-25 16:55:14','2011-07-05 10:17:32'),
('30',NULL,'1973-08-30 01:26:19','2014-10-14 22:24:22'),
('31',NULL,'1984-01-24 12:47:23','1983-04-25 05:25:02'),
('32',NULL,'1982-12-17 19:55:10','2007-12-26 05:41:48'),
('33',NULL,'2005-11-12 07:31:02','2009-01-11 06:30:11'),
('35',NULL,'2007-12-17 19:08:58','1980-12-14 14:32:32'),
('36',NULL,'1991-01-30 18:18:31','1989-12-03 04:40:04'),
('38',NULL,'2016-06-25 13:43:31','1978-10-15 01:09:03'),
('39',NULL,'2018-05-20 08:23:18','1984-03-03 03:31:46'),
('41',NULL,'2009-10-29 14:05:01','1995-12-18 16:34:24'),
('43',NULL,'1994-08-05 11:46:42','1982-04-24 19:39:58'),
('44',NULL,'1974-01-19 21:29:35','2005-09-16 22:24:45'),
('45',NULL,'2004-10-04 06:13:18','1987-12-18 11:23:55'),
('46',NULL,'2013-06-08 06:44:54','2008-07-04 06:44:33'),
('47',NULL,'2011-06-10 22:39:24','1996-10-11 17:55:01'),
('48',NULL,'2000-04-02 11:12:06','2006-02-20 21:45:47'),
('50',NULL,'2019-07-27 14:34:34','2003-03-26 06:52:26'),
('51',NULL,'1971-06-24 16:09:18','2007-08-09 16:53:14'),
('52',NULL,'2000-02-08 03:38:57','1994-09-16 01:11:27'),
('53',NULL,'2008-04-08 11:50:24','1979-03-16 00:36:56'),
('54',NULL,'1983-07-13 23:07:22','1986-04-08 17:41:18'),
('55',NULL,'1989-07-25 12:10:52','1974-05-05 01:06:16'),
('56',NULL,'1971-07-17 14:20:13','1973-07-02 11:01:05'),
('57',NULL,'1981-05-07 14:40:30','2006-08-13 04:18:05'),
('59',NULL,'1970-07-07 07:40:31','2004-09-19 17:38:33'),
('63',NULL,'1988-01-07 17:28:01','1979-04-06 03:03:56'),
('64',NULL,'1992-05-14 20:33:56','2000-08-13 19:12:59'),
('65',NULL,'1997-03-13 18:03:39','1988-11-03 17:11:23'),
('66',NULL,'1988-05-25 13:34:51','2013-02-12 05:23:57'),
('67',NULL,'1976-02-28 14:04:23','1973-06-29 16:23:31'),
('68',NULL,'2000-09-13 11:55:46','2008-07-25 13:07:05'),
('70',NULL,'1982-01-07 00:18:01','2009-03-29 07:14:44'),
('71',NULL,'1973-08-26 09:17:59','2018-11-01 01:08:28'),
('72',NULL,'2012-08-25 01:38:22','2012-09-01 18:23:44'),
('73',NULL,'1974-02-19 01:01:36','1974-12-20 20:04:44'),
('75',NULL,'1987-09-11 05:35:51','2011-04-12 05:38:32'),
('76',NULL,'2005-04-29 08:21:37','1987-06-01 08:05:52'),
('77',NULL,'1991-06-08 12:18:21','1990-10-05 09:55:55'),
('78',NULL,'1987-10-14 10:42:16','1989-01-07 12:14:54'),
('80',NULL,'2009-05-17 10:14:11','1994-01-05 20:03:54'),
('82',NULL,'2016-02-08 05:03:02','2006-10-08 16:43:20'),
('84',NULL,'1974-12-10 08:21:25','2012-08-27 22:24:19'),
('85',NULL,'1975-08-19 16:10:53','2003-05-06 07:11:01'),
('89',NULL,'1987-05-03 15:27:58','2012-06-24 20:09:29'),
('90',NULL,'2012-12-07 01:27:39','1999-03-30 19:17:23'),
('92',NULL,'1995-07-12 20:39:16','1982-09-25 15:36:40'),
('93',NULL,'2018-01-15 23:24:00','2004-04-26 05:34:19'),
('94',NULL,'1998-01-15 09:35:27','1996-02-29 15:00:59'),
('95',NULL,'1987-01-05 22:22:05','2008-02-14 19:28:39'),
('96',NULL,'2005-09-13 17:09:05','1996-05-18 11:26:11'),
('97',NULL,'2008-12-28 22:16:38','2008-03-16 21:46:51'),
('104',NULL,'1972-03-29 06:39:12','2011-04-30 06:28:13'),
('109',NULL,'1971-03-05 13:02:40','1977-08-21 13:36:46'),
('115',NULL,'1986-10-10 15:16:53','1996-01-23 03:11:41'),
('125',NULL,'1984-03-30 21:02:28','1972-12-28 17:30:36'),
('126',NULL,'1998-11-04 03:14:44','2012-10-08 06:15:01'),
('139',NULL,'1980-09-16 13:23:47','2004-03-05 13:32:46'),
('140',NULL,'1983-01-24 04:45:52','1971-04-04 14:40:32'),
('146',NULL,'1986-08-10 03:58:26','1991-06-24 21:38:41'),
('158',NULL,'2003-12-01 00:40:46','2010-01-20 14:55:52'),
('167',NULL,'2006-08-12 12:04:12','2007-08-11 05:21:16'),
('171',NULL,'1982-12-19 21:15:11','1977-10-01 09:47:25'),
('184',NULL,'1987-01-09 17:35:47','1996-09-15 09:30:59'),
('187',NULL,'2006-08-11 10:49:00','2006-10-28 18:09:11'),
('189',NULL,'2018-03-17 19:35:18','1996-05-30 16:26:57'),
('199',NULL,'1994-08-05 18:56:44','1972-09-27 21:39:16'),
('204',NULL,'1982-07-24 21:59:36','2012-07-19 21:00:44'),
('208',NULL,'1976-07-24 20:39:46','1971-04-12 21:05:26'),
('213',NULL,'1990-08-17 11:16:16','1999-03-17 13:30:24'),
('217',NULL,'2001-11-28 05:17:56','1981-03-21 11:34:01'),
('225',NULL,'2016-11-15 20:44:33','2004-02-21 18:05:23'),
('236',NULL,'2015-01-20 13:42:10','1979-04-13 02:35:38'),
('243',NULL,'2017-02-26 21:19:12','1998-10-25 20:01:29'),
('245',NULL,'2017-12-06 14:02:51','2017-11-08 06:02:37'),
('246',NULL,'2017-04-10 04:02:21','1979-06-23 13:28:56'),
('249',NULL,'1991-12-28 16:59:55','1998-05-27 04:09:52'),
('252',NULL,'2007-04-15 17:29:52','2007-04-03 06:27:06'),
('270',NULL,'2007-02-17 06:26:21','2008-10-31 06:22:00'),
('272',NULL,'1987-04-02 16:01:29','1988-01-26 03:38:26'),
('291',NULL,'2007-02-19 01:34:49','1971-07-15 03:09:06'),
('292',NULL,'2018-12-14 08:18:11','1998-11-11 11:46:34'),
('303',NULL,'2005-06-01 16:42:30','1985-06-01 01:28:50'),
('306',NULL,'1974-08-03 06:38:55','2006-03-19 09:54:09'),
('312',NULL,'1971-01-11 23:52:13','1988-12-31 18:55:23'),
('321',NULL,'1989-10-12 18:05:14','1992-04-21 06:16:45'),
('328',NULL,'1984-09-03 18:15:30','1982-09-11 12:27:35'),
('334',NULL,'1996-02-09 13:35:57','2011-03-15 23:18:23'),
('336',NULL,'1970-07-19 02:27:48','1971-06-04 12:05:58'),
('338',NULL,'2014-11-01 17:37:21','1979-03-19 00:14:45'),
('341',NULL,'1971-03-31 19:33:10','1984-12-07 18:23:51'),
('343',NULL,'2002-07-12 12:45:58','1973-07-07 18:57:47'),
('358',NULL,'2011-11-12 22:12:28','1990-11-16 21:09:41'),
('360',NULL,'1988-04-22 01:03:48','1998-12-22 22:26:56'),
('361',NULL,'2012-01-05 20:59:39','1997-09-14 12:02:58'),
('369',NULL,'2004-01-19 05:17:04','2001-12-12 21:58:06'),
('378',NULL,'1982-01-24 12:50:22','2012-05-09 09:35:08'),
('379',NULL,'2014-12-08 15:27:49','1980-11-20 19:23:43'),
('389',NULL,'1995-07-12 05:34:56','2006-07-24 19:32:22'),
('409',NULL,'1989-01-09 02:04:14','1997-12-20 11:57:19'),
('410',NULL,'1989-02-12 11:36:30','2004-03-27 07:41:19'),
('411',NULL,'1984-03-09 02:00:14','1999-04-21 21:09:43'),
('425',NULL,'1983-07-05 05:53:25','2002-07-31 14:37:07'),
('427',NULL,'2006-05-14 18:10:05','1987-09-07 06:18:36'),
('433',NULL,'1988-02-25 12:25:51','2004-03-08 06:26:01'),
('434',NULL,'1998-06-11 13:12:06','1971-06-06 19:28:53'),
('442',NULL,'2014-01-03 04:37:27','1994-07-16 19:49:44'),
('448',NULL,'1974-01-25 09:23:29','1988-06-02 03:33:10'),
('452',NULL,'1983-12-03 20:17:49','1990-05-31 01:19:49'),
('455',NULL,'1984-02-25 15:51:57','1976-09-17 03:30:58'),
('459',NULL,'1982-01-08 21:02:55','1998-05-08 03:49:22'),
('462',NULL,'2016-06-20 21:45:55','1991-01-25 20:56:48'),
('464',NULL,'2008-10-24 02:35:59','1980-03-02 12:33:27'),
('468',NULL,'1992-04-23 13:01:46','1975-10-23 10:25:29'),
('487',NULL,'1983-05-10 07:43:17','1996-07-29 21:03:25'),
('504',NULL,'2006-10-24 07:55:30','1997-01-08 09:41:21'),
('508',NULL,'1990-03-06 23:21:34','2011-12-21 15:09:49'),
('512',NULL,'1991-02-12 15:08:40','2013-05-17 00:42:35'),
('537',NULL,'1993-03-30 02:59:53','1983-01-23 19:17:12'),
('538',NULL,'1985-12-22 19:06:26','1992-03-14 15:35:06'),
('541',NULL,'1977-06-12 11:04:27','2010-03-17 17:28:34'),
('554',NULL,'1975-04-15 00:03:15','1988-04-19 13:44:20'),
('559',NULL,'2013-08-10 01:00:09','2009-05-12 19:33:34'),
('575',NULL,'1985-11-14 06:50:06','2016-01-13 02:03:44'),
('577',NULL,'1987-03-24 22:54:20','2014-04-03 00:25:18'),
('582',NULL,'2014-10-25 12:04:36','1980-03-06 12:48:18'),
('587',NULL,'1970-09-06 17:45:49','2019-02-04 09:17:54'),
('596',NULL,'1975-12-17 15:16:13','2017-12-05 17:04:57'),
('597',NULL,'2018-04-26 19:45:31','1985-05-04 06:39:03'),
('598',NULL,'2012-08-28 20:37:19','1979-07-09 21:51:44'),
('600',NULL,'1984-03-10 10:37:25','1971-12-21 02:37:49'),
('604',NULL,'1977-07-16 16:07:18','2011-09-21 19:42:55'),
('615',NULL,'2017-08-05 18:19:29','1972-10-18 05:38:31'),
('637',NULL,'1984-08-18 21:14:17','1982-07-13 10:39:07'),
('639',NULL,'1972-04-09 16:40:59','1983-01-01 14:11:34'),
('644',NULL,'2009-07-18 09:35:29','1998-08-09 03:42:02'),
('646',NULL,'1986-04-26 03:46:27','2003-10-09 01:26:47'),
('660',NULL,'1997-10-23 13:45:06','2011-04-28 04:57:30'),
('665',NULL,'1988-08-24 18:55:46','2016-04-17 00:06:28'),
('673',NULL,'1997-05-01 03:45:57','1985-01-09 12:36:30'),
('689',NULL,'2008-09-04 00:58:35','1976-04-23 08:46:13'),
('695',NULL,'2017-11-01 13:44:27','2016-12-27 13:41:52'),
('697',NULL,'1981-03-20 01:45:47','1992-12-29 17:49:11'),
('704',NULL,'1977-04-02 20:09:17','1986-01-23 09:26:26'),
('707',NULL,'1997-02-12 11:11:29','1975-09-08 17:58:48'),
('708',NULL,'2000-03-25 07:36:42','1995-07-28 18:48:39'),
('711',NULL,'1989-06-02 07:46:38','1996-08-18 01:32:50'),
('719',NULL,'1976-01-17 14:12:40','2008-04-03 13:02:53'),
('736',NULL,'1975-06-25 02:07:09','2014-11-22 16:40:14'),
('740',NULL,'1988-01-26 11:45:46','1976-09-14 19:52:30'),
('745',NULL,'1970-10-04 01:59:06','2010-07-22 17:46:08'),
('759',NULL,'2010-01-19 01:32:36','1979-02-07 09:14:13'),
('760',NULL,'2016-12-23 17:16:58','1990-12-17 14:36:50'),
('766',NULL,'1972-01-13 18:08:42','1993-10-03 20:55:08'),
('774',NULL,'2016-07-19 16:19:56','2008-05-05 23:34:51'),
('780',NULL,'1985-03-20 22:12:44','1978-03-30 03:03:11'),
('782',NULL,'1995-07-24 23:16:40','1975-07-05 22:57:30'),
('789',NULL,'2003-08-20 05:53:57','2011-12-06 11:03:26'),
('792',NULL,'1991-07-20 23:10:59','1984-02-08 15:43:27'),
('794',NULL,'1989-11-23 16:32:04','1977-03-14 20:33:02'),
('795',NULL,'1992-12-05 21:19:07','1999-04-14 00:12:16'),
('799',NULL,'1975-09-08 10:28:50','1993-11-29 21:11:18'),
('808',NULL,'1982-01-14 14:51:17','1998-07-16 00:42:12'),
('809',NULL,'2006-05-16 18:05:50','1972-06-27 17:13:57'),
('810',NULL,'1999-06-25 13:51:59','1991-10-26 04:29:09'),
('817',NULL,'1974-05-07 07:08:29','2003-07-01 16:00:52'),
('828',NULL,'1970-02-27 04:04:00','1989-12-07 01:46:59'),
('845',NULL,'2002-10-07 13:37:41','1993-11-16 18:35:53'),
('848',NULL,'2009-09-06 06:54:44','2010-04-19 19:52:09'),
('870',NULL,'2002-03-20 04:31:23','1977-11-09 14:29:02'),
('893',NULL,'1998-06-07 23:30:04','1990-10-20 05:44:41'),
('897',NULL,'2005-07-05 11:56:17','1985-02-21 11:32:28'),
('901',NULL,'2000-12-25 23:27:29','2010-04-27 19:47:03'),
('902',NULL,'1997-04-23 17:35:40','1988-12-31 20:06:08'),
('904',NULL,'1976-01-13 09:11:43','2019-05-08 08:23:17'),
('907',NULL,'1997-01-06 10:22:27','1971-05-31 06:36:36'),
('916',NULL,'1998-07-18 22:14:27','2019-09-02 18:22:30'),
('920',NULL,'2000-08-13 00:14:19','1996-02-24 04:41:42'),
('963',NULL,'2015-05-06 04:58:20','1986-04-20 01:34:34'),
('966',NULL,'1993-07-31 19:00:49','1999-07-04 18:01:47'),
('968',NULL,'1996-04-03 06:16:51','2007-12-02 19:45:08'),
('974',NULL,'2011-08-01 14:26:54','2008-11-10 04:44:47'),
('976',NULL,'2007-05-01 13:56:26','1990-01-22 11:33:53'),
('984',NULL,'1974-01-25 00:27:20','1983-08-14 20:32:51'),
('986',NULL,'2014-05-21 15:34:47','1978-09-30 11:02:02'),
('1047',NULL,'2002-01-30 15:38:42','2016-08-24 21:41:15'),
('1064',NULL,'1972-08-12 09:51:16','1998-02-04 17:40:00'),
('1110',NULL,'1983-11-14 14:27:44','1972-06-20 09:03:24'),
('1185',NULL,'2002-09-21 11:27:03','1998-07-13 20:42:48'),
('1251',NULL,'2012-08-31 18:11:50','1974-04-30 08:41:37'),
('1369',NULL,'1970-12-05 17:40:26','1997-12-26 19:02:40'),
('1394',NULL,'1974-07-01 16:15:34','1981-09-08 02:26:55'),
('1541',NULL,'1972-03-31 19:58:13','1980-01-02 23:58:15'),
('1568',NULL,'2009-11-13 11:35:12','1983-04-24 09:13:28'),
('1618',NULL,'1977-08-14 14:41:44','2008-05-31 07:15:12'),
('1703',NULL,'1985-01-23 01:39:33','2010-10-19 03:42:57'),
('1730',NULL,'2007-02-07 03:21:01','1999-09-26 13:05:51'),
('1804',NULL,'2006-02-24 22:01:52','1989-01-14 17:34:45'),
('1862',NULL,'2008-02-13 06:28:31','1984-08-16 02:42:47'),
('1863',NULL,'1994-03-09 07:20:54','1998-10-26 01:28:29'),
('1912',NULL,'2017-02-21 09:38:19','2005-11-25 04:22:50'),
('1938',NULL,'2019-01-21 10:02:42','2013-02-11 00:23:18'),
('2036',NULL,'1983-12-12 01:50:09','1978-12-07 15:17:38'),
('2051',NULL,'2012-04-15 06:34:48','1971-07-09 01:45:17'),
('2132',NULL,'1980-01-07 21:31:45','1970-12-22 15:08:02'),
('2228',NULL,'1998-08-01 03:41:40','1988-07-16 19:13:34'),
('2235',NULL,'1998-03-14 07:05:32','2019-03-01 11:46:28'),
('2260',NULL,'1979-12-25 12:15:58','2016-05-25 02:06:16'),
('2541',NULL,'1985-11-14 05:59:21','2013-10-09 13:12:23'),
('2561',NULL,'1980-05-09 01:30:23','1991-09-18 09:28:54'),
('2563',NULL,'1974-09-06 07:39:44','1987-06-27 04:05:16'),
('2601',NULL,'1990-11-05 00:41:54','1989-11-19 12:24:13'),
('2648',NULL,'1986-03-02 12:25:26','2006-09-26 05:43:26'),
('2692',NULL,'1981-03-11 06:10:43','1980-06-12 13:06:34'),
('2755',NULL,'1977-10-03 04:08:09','2013-03-25 21:46:03'),
('2771',NULL,'1997-08-12 22:17:46','1973-04-03 13:05:22'),
('2806',NULL,'1983-08-03 14:03:19','1987-05-26 19:02:43'),
('2869',NULL,'1982-02-10 22:47:17','2008-05-24 16:22:30'),
('3074',NULL,'2016-09-06 11:58:35','1984-08-21 14:44:21'),
('3085',NULL,'1974-02-09 14:12:11','2015-07-11 09:25:09'),
('3123',NULL,'2010-08-08 08:54:39','1982-01-27 05:32:20'),
('3232',NULL,'1977-08-31 07:24:19','2008-05-28 02:30:40'),
('3276',NULL,'1997-02-19 18:33:48','1972-07-05 21:03:07'),
('3382',NULL,'1979-07-30 00:04:45','1992-10-08 11:05:16'),
('3405',NULL,'2012-09-26 10:03:09','1991-07-04 17:12:32'),
('3693',NULL,'1982-12-13 21:11:54','1993-01-31 08:35:44'),
('3702',NULL,'2001-09-30 19:32:15','1974-02-12 07:47:01'),
('3808',NULL,'2006-11-07 17:49:18','2014-04-06 15:39:31'),
('3831',NULL,'2016-04-24 12:32:35','2010-07-11 15:08:59'),
('3834',NULL,'1991-07-26 23:14:11','2010-02-14 16:35:14'),
('3841',NULL,'1976-05-23 04:33:37','2018-05-04 08:02:31'),
('3954',NULL,'2004-08-01 09:04:37','1997-02-01 06:18:40'),
('4068',NULL,'2002-07-12 15:50:51','2011-09-03 16:13:59'),
('4099',NULL,'2016-02-16 06:11:19','1996-09-20 03:10:16'),
('4115',NULL,'2017-12-17 12:56:21','1989-03-17 05:56:52'),
('4234',NULL,'2000-08-15 20:38:16','2019-06-17 20:23:32'),
('4241',NULL,'2010-02-22 00:00:07','1989-08-12 14:00:59'),
('4263',NULL,'2000-10-26 05:10:05','2010-02-21 11:34:34'),
('4312',NULL,'1999-05-18 06:25:35','1999-12-16 04:30:44'),
('4314',NULL,'2006-04-08 20:21:55','2011-10-20 07:55:21'),
('4417',NULL,'2006-05-03 17:21:18','1980-04-20 07:57:28'),
('4428',NULL,'1984-06-21 16:34:59','2004-02-23 21:11:52'),
('4512',NULL,'1999-08-23 20:06:44','1988-12-20 11:59:05'),
('4545',NULL,'2019-03-07 09:52:44','1980-06-25 06:49:32'),
('4593',NULL,'1970-02-01 02:52:41','1974-07-27 02:39:54'),
('4649',NULL,'1972-07-22 07:23:09','1994-02-07 22:04:55'),
('4719',NULL,'1973-06-14 17:39:31','1970-01-27 13:56:22'),
('4726',NULL,'1991-09-16 06:41:03','2005-04-13 17:08:54'),
('4845',NULL,'2012-12-12 16:12:06','1993-04-26 10:07:12'),
('4847',NULL,'2017-06-18 01:39:43','1995-02-26 16:04:17'),
('4977',NULL,'1999-08-12 03:18:07','1997-03-25 08:42:01'),
('5046',NULL,'1994-02-06 18:34:20','1975-08-19 09:34:03'),
('5093',NULL,'2001-08-29 04:29:06','2006-03-31 05:15:25'),
('5264',NULL,'1978-04-16 04:23:39','2019-07-16 02:42:39'),
('5297',NULL,'1973-02-03 04:43:22','2006-12-20 17:11:49'),
('5321',NULL,'1992-07-07 23:06:50','1979-03-02 09:46:30'),
('5345',NULL,'1981-02-22 16:55:01','1971-03-14 07:22:54'),
('5348',NULL,'1982-04-26 06:53:23','2014-01-27 03:09:41'),
('5481',NULL,'1970-06-03 23:28:27','1971-04-08 03:46:48'),
('5536',NULL,'1999-07-10 11:17:50','1990-02-12 13:07:17'),
('5618',NULL,'2008-03-25 19:02:34','1982-02-15 03:08:25'),
('5696',NULL,'1990-01-27 15:47:33','1990-11-20 11:36:39'),
('5726',NULL,'1979-08-05 03:44:54','1983-06-08 22:44:50'),
('5857',NULL,'1980-11-06 13:21:18','1982-10-23 13:26:43'),
('5861',NULL,'2001-02-13 01:13:20','2008-07-14 01:22:21'),
('5909',NULL,'1982-07-21 01:18:52','1979-07-16 07:48:46'),
('6074',NULL,'2012-03-24 06:23:15','1996-09-11 19:02:12'),
('6155',NULL,'2003-01-13 17:43:00','2012-04-18 17:32:16'),
('6361',NULL,'1971-07-10 12:36:31','1977-05-17 02:36:53'),
('6438',NULL,'1976-07-29 12:04:07','2014-07-08 05:28:20'),
('6459',NULL,'1992-01-09 18:56:12','1977-12-28 17:47:38'),
('6549',NULL,'2016-07-23 07:13:54','2000-12-04 15:17:15'),
('6589',NULL,'1983-05-10 01:50:32','1977-05-15 00:47:40'),
('6669',NULL,'2007-05-03 05:56:22','2012-05-17 16:41:05'),
('6674',NULL,'2014-11-04 08:56:48','2002-08-13 00:43:20'),
('6742',NULL,'1993-09-22 22:59:31','1985-02-14 11:53:13'),
('6800',NULL,'1992-04-23 03:38:36','1998-02-03 19:02:30'),
('6932',NULL,'1996-07-28 17:16:50','2000-05-08 13:32:46'),
('6971',NULL,'2018-08-26 05:00:56','1979-12-07 19:48:01'),
('6982',NULL,'1983-01-14 04:23:58','1972-03-09 17:50:34'),
('7022',NULL,'1979-03-16 10:48:32','1998-10-18 12:23:39'),
('7060',NULL,'2001-07-11 19:56:28','1999-01-17 23:16:47'),
('7071',NULL,'1979-05-15 12:08:13','1978-07-21 09:34:20'),
('7082',NULL,'1988-07-01 15:04:02','1995-07-14 11:30:39'),
('7144',NULL,'1976-05-01 10:14:37','2003-08-06 05:04:17'),
('7223',NULL,'2004-12-07 05:36:41','2001-05-25 03:09:20'),
('7247',NULL,'1975-09-16 23:53:54','1981-07-29 00:32:30'),
('7270',NULL,'1980-12-08 23:26:59','1985-04-05 21:14:30'),
('7290',NULL,'1972-06-16 18:39:37','1991-06-11 14:38:23'),
('7302',NULL,'1991-09-13 05:58:57','1999-10-16 17:26:04'),
('7322',NULL,'1994-03-29 18:20:30','2010-12-29 12:22:56'),
('7370',NULL,'1984-12-23 03:32:25','1985-12-08 20:39:13'),
('7375',NULL,'1994-12-17 08:07:19','1999-07-28 06:29:16'),
('7446',NULL,'2014-06-02 06:04:00','2005-06-29 04:11:50'),
('7450',NULL,'1999-07-29 05:38:18','1989-08-06 13:14:06'),
('7575',NULL,'1981-10-21 02:34:50','1988-09-24 11:55:41'),
('7602',NULL,'1982-03-21 08:26:51','1979-01-20 15:36:47'),
('7702',NULL,'1971-12-21 01:54:53','2006-07-14 09:41:15'),
('7762',NULL,'1981-06-15 23:05:42','1988-05-18 04:58:33'),
('7831',NULL,'2019-06-30 03:01:25','2000-04-24 03:15:11'),
('8051',NULL,'1994-12-03 16:58:51','1991-10-17 08:16:03'),
('8090',NULL,'1980-10-22 16:38:37','1995-04-25 11:26:20'),
('8101',NULL,'2004-08-09 07:15:13','2008-06-19 08:19:03'),
('8109',NULL,'1997-09-24 09:29:30','1989-01-01 15:54:08'),
('8258',NULL,'2008-01-26 10:38:34','1988-03-09 12:58:50'),
('8420',NULL,'1986-11-27 18:09:14','2015-12-10 10:09:53'),
('8546',NULL,'2003-11-01 21:49:06','1985-08-04 13:45:29'),
('8714',NULL,'1985-08-06 13:44:39','2004-09-08 03:42:29'),
('8720',NULL,'2014-05-13 06:22:04','1997-03-26 01:25:14'),
('8735',NULL,'1974-02-09 08:17:54','1994-10-06 13:08:59'),
('8772',NULL,'1971-01-04 05:50:24','1982-11-16 13:23:47'),
('8901',NULL,'1984-09-12 06:17:46','1972-09-24 02:53:57'),
('8984',NULL,'2002-10-25 17:57:12','1995-01-24 23:05:16'),
('9057',NULL,'1991-09-10 21:42:33','2004-03-15 10:18:17'),
('9123',NULL,'1972-09-04 12:39:44','2004-03-01 06:48:29'),
('9124',NULL,'1972-04-05 17:53:30','1976-01-17 01:23:40'),
('9132',NULL,'2016-04-13 16:24:45','1985-02-04 17:41:51'),
('9407',NULL,'2012-05-16 12:39:16','1986-04-09 23:16:23'),
('9431',NULL,'2004-02-15 20:09:41','2012-12-18 12:55:05'),
('9474',NULL,'1997-03-13 00:01:32','1980-11-21 20:55:19'),
('9494',NULL,'1973-02-22 07:26:01','2000-07-02 19:45:15'),
('9534',NULL,'1990-10-21 13:59:22','2003-03-26 16:24:38'),
('9576',NULL,'2017-03-08 23:02:42','1986-10-17 21:13:13'),
('9586',NULL,'1976-03-08 08:29:09','1981-03-27 01:41:21'),
('9590',NULL,'1998-09-16 06:24:13','2007-03-07 03:34:22'),
('9655',NULL,'1971-06-15 06:36:13','1993-09-02 12:49:10'),
('9811',NULL,'1988-03-29 18:34:58','1986-11-07 14:12:11'),
('9896',NULL,'1993-09-05 06:02:12','2001-09-13 05:14:23'),
('9970',NULL,'2002-09-10 15:31:46','2018-03-18 06:14:11'),
('9971',NULL,'1976-02-20 05:57:56','1977-11-25 05:41:25'),
('10898',NULL,'2013-05-07 21:55:40','2016-01-19 14:36:09'),
('11605',NULL,'1992-08-25 13:23:39','2007-10-26 00:35:50'),
('11644',NULL,'1976-01-31 21:23:24','2009-02-08 02:31:11'),
('12067',NULL,'2009-12-13 12:10:43','2001-01-21 14:42:10'),
('12126',NULL,'1974-08-21 04:50:04','2011-03-19 21:24:40'),
('12234',NULL,'1977-01-12 08:21:45','2005-03-15 00:11:08'),
('12812',NULL,'1974-04-13 06:35:44','1998-11-05 21:40:05'),
('13034',NULL,'1975-02-27 21:21:55','1991-10-25 15:31:56'),
('14808',NULL,'2017-03-18 00:34:58','2017-09-02 08:10:42'),
('15150',NULL,'2010-02-04 01:53:51','1980-12-19 17:37:48'),
('16591',NULL,'1985-03-15 12:36:05','1985-04-21 19:20:38'),
('17102',NULL,'1991-08-21 17:27:54','1988-10-26 22:17:04'),
('18191',NULL,'1970-02-02 13:29:16','1992-05-06 17:00:21'),
('18267',NULL,'1983-01-30 15:31:26','1988-12-30 04:22:11'),
('18549',NULL,'2008-01-15 03:48:29','1984-01-04 07:00:36'),
('19084',NULL,'2003-11-07 09:37:20','1979-09-25 20:51:15'),
('19540',NULL,'1998-03-11 16:39:51','1984-05-04 12:49:08'),
('19617',NULL,'1999-09-12 19:20:18','1972-11-05 15:18:07'),
('20588',NULL,'1980-12-07 20:42:30','1977-12-18 08:48:46'),
('21202',NULL,'2005-11-14 11:51:26','1996-01-30 12:31:25'),
('22515',NULL,'1978-07-21 08:07:34','1988-09-12 12:32:04'),
('22870',NULL,'2017-06-02 04:14:25','2012-03-11 18:34:54'),
('23261',NULL,'2007-07-25 19:30:09','1987-08-15 15:53:19'),
('25226',NULL,'1973-12-06 07:12:56','2016-08-15 06:15:03'),
('25869',NULL,'2001-09-28 07:25:29','1998-10-25 03:29:00'),
('26205',NULL,'2016-06-02 08:28:25','1996-05-30 07:46:08'),
('27080',NULL,'2012-08-23 23:22:52','1991-02-22 16:40:06'),
('27552',NULL,'2005-09-18 18:44:04','1992-06-06 10:14:40'),
('28434',NULL,'2001-01-04 04:36:40','2011-08-15 19:12:01'),
('28488',NULL,'2008-03-17 00:02:17','2009-02-05 23:41:34'),
('29248',NULL,'2019-08-19 05:51:55','1982-05-03 22:09:49'),
('30029',NULL,'2007-02-09 11:14:53','2013-08-17 17:18:25'),
('30220',NULL,'2006-02-11 14:48:23','1983-07-31 16:07:08'),
('31838',NULL,'1997-03-19 18:05:38','2017-05-16 03:48:25'),
('32153',NULL,'1995-07-02 02:26:13','1978-10-16 10:23:31'),
('33184',NULL,'1974-08-04 17:40:51','2009-09-04 09:18:53'),
('34135',NULL,'1989-06-15 22:02:03','2006-10-09 01:23:01'),
('34198',NULL,'2003-08-29 14:37:20','1995-12-24 05:13:38'),
('34513',NULL,'1972-03-02 06:34:59','1986-02-17 17:17:01'),
('34548',NULL,'1990-04-29 21:47:56','2003-09-12 14:52:13'),
('35463',NULL,'1985-02-17 16:30:12','2018-01-04 12:53:46'),
('36571',NULL,'2006-01-11 08:53:22','1992-10-12 22:07:50'),
('36881',NULL,'2008-06-26 02:48:35','1995-05-16 03:32:30'),
('37366',NULL,'1997-09-19 18:18:50','1977-08-05 04:16:39'),
('37800',NULL,'1976-12-26 22:49:18','1998-02-05 05:07:48'),
('37887',NULL,'2018-05-28 19:34:01','1996-08-10 07:24:10'),
('38149',NULL,'1991-06-23 02:00:02','1998-08-16 21:34:43'),
('38233',NULL,'2010-01-30 14:35:40','1987-08-24 23:35:07'),
('38871',NULL,'1971-11-18 23:57:20','2004-10-29 07:09:44'),
('39413',NULL,'2016-08-09 00:19:56','2018-02-20 20:49:31'),
('39953',NULL,'2018-07-07 14:51:48','1970-02-23 18:36:05'),
('40778',NULL,'1973-02-25 13:30:30','1974-07-19 19:19:43'),
('41571',NULL,'1980-01-20 14:23:45','2017-12-01 05:37:34'),
('42007',NULL,'2011-03-04 19:10:10','2006-05-11 16:34:14'),
('43158',NULL,'1973-12-30 02:14:19','1988-09-24 10:53:59'),
('44570',NULL,'1974-03-20 10:32:52','2018-06-23 01:37:04'),
('45046',NULL,'1985-10-01 07:43:05','1994-11-27 09:14:49'),
('45712',NULL,'1974-12-15 12:43:42','2002-05-17 20:29:52'),
('46538',NULL,'1990-12-20 09:20:01','1998-12-02 18:23:12'),
('47974',NULL,'2002-01-04 00:05:18','2011-02-18 22:18:45'),
('48662',NULL,'1988-03-22 13:18:41','1980-04-26 15:18:23'),
('50805',NULL,'1994-12-20 15:46:26','2003-02-21 11:04:34'),
('50828',NULL,'1971-01-16 03:24:36','1980-03-22 03:16:20'),
('51511',NULL,'1985-07-28 02:30:02','1996-08-20 17:48:25'),
('53205',NULL,'2015-10-21 20:10:29','1998-09-25 19:53:30'),
('53392',NULL,'1994-04-10 01:34:32','2007-04-18 04:33:31'),
('56301',NULL,'1992-04-01 05:05:02','1997-08-17 05:59:33'),
('56366',NULL,'2011-09-17 16:01:47','2003-02-18 02:31:08'),
('57504',NULL,'1996-07-14 18:12:55','1991-05-25 13:41:12'),
('57540',NULL,'2010-04-26 13:53:19','1976-11-11 02:36:51'),
('57767',NULL,'2018-04-15 10:52:27','1990-07-18 17:54:44'),
('58354',NULL,'1996-10-04 06:01:04','2015-06-18 19:31:29'),
('58580',NULL,'1982-05-04 07:55:14','2002-02-07 08:12:22'),
('59546',NULL,'1977-02-18 06:05:06','2012-08-26 09:20:49'),
('61706',NULL,'1986-03-25 16:35:00','1972-09-15 06:45:35'),
('61752',NULL,'1995-03-26 00:59:34','1982-02-01 03:50:54'),
('62271',NULL,'1994-05-14 10:29:01','2003-11-07 21:33:05'),
('62739',NULL,'1978-06-09 18:45:04','2018-08-22 20:36:49'),
('64076',NULL,'2009-07-31 05:19:44','2017-08-18 09:07:03'),
('66223',NULL,'1995-01-09 14:08:43','1995-08-29 02:16:57'),
('66349',NULL,'2011-10-14 15:47:37','2000-01-06 15:01:49'),
('66664',NULL,'2018-09-24 21:35:28','2005-03-19 20:30:42'),
('66706',NULL,'1995-07-25 21:52:41','1987-12-20 14:34:14'),
('67095',NULL,'2004-12-07 17:34:42','1984-02-13 06:09:09'),
('67163',NULL,'1994-06-16 10:47:36','1990-04-14 07:19:51'),
('67995',NULL,'1978-03-07 16:03:23','1985-05-28 18:10:23'),
('68154',NULL,'2008-02-10 17:14:35','1983-02-05 04:56:15'),
('68748',NULL,'1993-06-07 20:54:27','1985-03-01 21:36:24'),
('69041',NULL,'1990-05-04 20:49:43','1995-04-06 00:31:20'),
('70092',NULL,'2004-05-06 05:09:20','1974-10-12 00:12:39'),
('70914',NULL,'2019-03-11 18:58:31','1980-03-04 15:27:45'),
('72089',NULL,'1984-03-23 09:11:17','2006-03-22 19:57:01'),
('73912',NULL,'1976-10-12 23:37:00','2010-03-10 17:53:34'),
('75758',NULL,'1978-07-11 23:19:20','1999-10-22 20:57:05'),
('76081',NULL,'2017-08-25 11:43:42','1976-07-26 03:11:21'),
('77124',NULL,'1970-01-17 19:47:56','2016-01-24 21:15:19'),
('78293',NULL,'1976-08-05 17:42:26','1986-01-14 22:47:04'),
('79395',NULL,'1993-05-11 11:42:31','1992-08-11 05:03:59'),
('81335',NULL,'1987-08-15 03:33:59','2009-07-22 15:11:48'),
('81513',NULL,'1976-08-12 08:14:23','1976-01-10 01:15:02'),
('82148',NULL,'1993-05-13 07:03:16','1977-01-19 09:07:04'),
('82341',NULL,'2004-06-25 06:43:32','1983-03-15 11:54:32'),
('82648',NULL,'1987-07-30 01:18:37','1997-08-15 21:57:47'),
('83775',NULL,'2014-05-29 21:12:37','2013-10-14 03:02:15'),
('84152',NULL,'2013-11-25 21:15:06','1997-08-24 22:29:09'),
('85106',NULL,'1996-08-05 17:18:15','2002-02-04 23:48:29'),
('85382',NULL,'2001-02-24 09:20:41','1993-12-19 04:09:33'),
('85743',NULL,'1973-01-04 07:33:24','2011-02-25 17:38:43'),
('85868',NULL,'1993-10-26 17:38:28','2011-04-05 23:51:04'),
('87520',NULL,'1993-07-29 18:08:38','1996-03-18 20:14:53'),
('88385',NULL,'1974-06-05 22:18:06','1993-10-27 00:05:45'),
('89941',NULL,'1994-11-25 14:06:36','2015-01-02 07:54:55'),
('90485',NULL,'2009-11-24 09:15:27','1970-12-27 10:28:11'),
('91222',NULL,'1970-11-25 19:07:27','2011-12-15 19:08:37'),
('91456',NULL,'1987-12-26 20:41:56','1992-08-31 21:39:01'),
('92675',NULL,'2007-12-05 14:30:07','1992-08-04 12:20:39'),
('92702',NULL,'2006-03-17 06:58:11','1987-07-02 17:27:11'),
('92707',NULL,'1971-01-23 16:27:04','2018-07-11 23:06:08'),
('94563',NULL,'2000-11-09 12:40:08','1998-02-10 02:09:07'),
('94882',NULL,'1974-01-09 19:55:41','1972-06-12 01:57:01'),
('96095',NULL,'1988-08-28 21:16:25','2007-09-22 06:16:36'),
('97038',NULL,'1985-10-22 16:26:05','2010-06-03 20:06:58'),
('97691',NULL,'1987-04-05 00:39:52','2019-02-10 23:15:36'),
('97754',NULL,'1975-10-16 04:02:51','1990-12-29 04:13:20'),
('97908',NULL,'2006-11-30 00:17:01','2001-09-01 01:06:49'),
('99951',NULL,'2012-12-10 08:41:27','1987-02-05 15:28:26'),
('100915',NULL,'2010-03-28 12:28:29','2009-05-16 04:28:44'),
('103697',NULL,'1995-12-02 08:09:17','2003-07-18 05:47:09'),
('110713',NULL,'2015-07-14 18:28:12','2006-03-14 12:47:12'),
('115033',NULL,'1981-04-19 02:28:21','2000-10-04 01:56:19'),
('115153',NULL,'1974-08-29 19:42:16','1993-08-13 19:25:45'),
('117345',NULL,'2006-09-18 21:00:51','2015-07-23 10:03:06'),
('118863',NULL,'1983-12-19 01:23:17','1989-01-14 10:43:42'),
('125780',NULL,'2000-11-10 10:34:42','2002-06-06 14:35:35'),
('127680',NULL,'1986-11-05 17:16:34','2009-04-05 09:01:46'),
('127858',NULL,'1986-07-26 21:23:38','1988-03-18 16:04:39'),
('137367',NULL,'2019-06-20 22:39:04','1997-10-10 03:37:08'),
('150227',NULL,'2015-10-04 21:21:54','1982-03-19 01:07:21'),
('157069',NULL,'1999-08-19 05:45:47','1984-03-13 16:04:50'),
('173347',NULL,'2007-10-26 09:09:51','1981-03-08 08:13:04'),
('188729',NULL,'2009-05-20 06:27:09','1976-06-21 18:22:50'),
('188812',NULL,'1993-11-27 11:02:36','1979-12-11 13:52:59'),
('189602',NULL,'1992-10-15 18:04:49','1991-10-21 13:32:20'),
('192083',NULL,'1984-07-23 06:51:56','1997-06-09 11:37:30'),
('194507',NULL,'1975-02-09 18:12:45','1990-05-19 21:11:35'),
('198076',NULL,'1992-07-06 14:56:23','2006-06-26 05:10:20'),
('198793',NULL,'1991-11-26 06:40:41','2001-01-14 00:50:54'),
('213969',NULL,'1978-06-23 06:04:55','1995-01-05 15:20:02'),
('216527',NULL,'2004-04-11 08:04:34','2015-08-28 06:47:44'),
('226843',NULL,'2019-03-10 07:55:11','1981-05-29 04:44:15'),
('227299',NULL,'1989-07-27 05:40:40','1971-05-23 08:04:06'),
('233743',NULL,'1992-06-30 09:30:22','2017-07-12 05:59:27'),
('234186',NULL,'1974-03-20 23:20:34','1976-05-02 01:01:56'),
('235426',NULL,'1979-12-11 10:34:10','1982-11-18 19:17:12'),
('235782',NULL,'2012-11-05 22:47:28','2017-03-24 06:59:09'),
('236998',NULL,'2001-01-21 17:51:14','2014-02-05 18:27:34'),
('242331',NULL,'2015-08-25 01:57:37','2014-01-09 05:02:27'),
('242426',NULL,'1984-04-14 13:46:16','1986-08-03 10:44:18'),
('246389',NULL,'1982-06-28 13:38:53','1996-11-22 19:39:48'),
('248733',NULL,'2001-03-01 15:35:26','1974-06-26 23:05:34'),
('260175',NULL,'1970-12-09 18:13:27','1970-07-18 04:25:10'),
('272564',NULL,'1978-08-26 12:26:42','1991-03-26 04:24:17'),
('289041',NULL,'2001-06-15 11:32:56','2017-02-17 04:28:21'),
('295490',NULL,'1995-07-31 14:21:59','1982-10-09 22:32:26'),
('305020',NULL,'2001-06-29 03:47:11','1995-10-03 09:27:39'),
('307470',NULL,'2013-05-11 09:48:31','1970-09-26 09:56:06'),
('312504',NULL,'1997-04-18 17:02:23','1980-12-17 13:18:09'),
('326822',NULL,'1990-11-03 21:00:51','2010-06-01 10:17:04'),
('327196',NULL,'1994-04-28 10:16:19','1977-11-23 19:11:34'),
('336852',NULL,'2003-10-08 05:31:33','1975-04-23 03:33:16'),
('366259',NULL,'1994-10-13 10:10:34','1978-07-18 14:13:34'),
('370915',NULL,'1980-08-01 22:54:44','1990-03-23 12:42:58'),
('373689',NULL,'1970-11-17 16:14:38','1980-11-13 11:08:46'),
('381880',NULL,'2004-11-26 08:19:02','1973-04-17 19:02:53'),
('386046',NULL,'1987-10-16 17:18:04','1973-06-16 20:16:22'),
('388183',NULL,'2003-09-26 00:44:00','2018-12-23 12:07:00'),
('389529',NULL,'2019-07-25 17:59:44','1990-05-18 02:47:01'),
('391480',NULL,'1990-04-05 22:31:38','1985-12-31 19:49:17'),
('419213',NULL,'2009-12-29 03:39:32','1985-12-07 15:31:35'),
('420852',NULL,'1970-08-17 12:49:05','1998-06-23 03:05:39'),
('423744',NULL,'2010-02-12 06:12:35','2009-10-27 16:20:22'),
('423895',NULL,'2012-02-21 03:44:12','2007-01-19 09:54:02'),
('426628',NULL,'2005-04-14 10:57:47','1976-10-16 06:29:00'),
('456317',NULL,'1999-03-07 13:44:17','2008-10-30 12:15:40'),
('459771',NULL,'1989-07-20 08:46:46','1974-10-01 00:02:45'),
('459880',NULL,'1982-03-31 18:53:55','1982-09-17 01:19:50'),
('469045',NULL,'2013-09-24 02:35:22','1994-11-10 19:25:52'),
('479632',NULL,'1990-07-07 13:27:18','1982-09-02 03:14:46'),
('493308',NULL,'1991-10-17 15:22:36','2016-10-04 16:42:38'),
('496895',NULL,'2007-11-10 19:37:34','1987-05-25 01:43:29'),
('515140',NULL,'1979-02-24 19:32:01','1987-10-06 10:49:19'),
('518339',NULL,'2000-05-20 02:46:11','2000-10-16 03:36:05'),
('520508',NULL,'1979-06-07 18:53:40','2017-11-13 05:26:21'),
('521998',NULL,'2001-01-22 19:30:17','2003-08-07 03:35:17'),
('538263',NULL,'2002-06-05 06:16:09','1976-07-23 19:13:09'),
('548818',NULL,'1978-10-28 04:39:23','2013-07-09 12:24:13'),
('551533',NULL,'2009-12-10 17:44:58','1976-01-28 08:21:23'),
('553458',NULL,'2015-04-30 08:03:09','1979-05-05 20:14:56'),
('561607',NULL,'1984-10-28 15:10:40','2018-03-09 23:44:52'),
('586575',NULL,'1999-02-09 23:12:03','2006-01-18 22:55:56'),
('595131',NULL,'1995-06-01 13:29:47','1976-07-05 05:30:44'),
('603314',NULL,'2002-08-30 08:04:55','2005-08-27 19:37:48'),
('603966',NULL,'2015-09-27 06:01:35','2009-02-27 08:15:28'),
('609314',NULL,'1999-03-22 12:52:11','2000-05-02 21:00:37'),
('617692',NULL,'1973-02-13 21:06:42','2007-10-04 01:45:57'),
('624584',NULL,'1981-08-25 12:38:49','1997-10-22 11:33:28'),
('636326',NULL,'2004-04-13 18:47:29','2015-02-07 10:04:35'),
('640891',NULL,'1977-02-03 12:19:52','2018-06-30 07:32:04'),
('641486',NULL,'1975-07-25 01:23:26','1977-10-04 01:51:20'),
('653556',NULL,'1973-08-05 15:29:45','1993-01-08 22:03:21'),
('659403',NULL,'1994-03-01 11:08:29','2018-01-26 23:54:13'),
('661461',NULL,'2011-05-22 13:36:50','2005-07-02 00:04:44'),
('672723',NULL,'2018-08-01 18:19:57','2019-05-11 08:16:58'),
('675169',NULL,'1971-01-04 19:35:36','1991-06-09 06:47:27'),
('678569',NULL,'1999-11-23 05:39:44','1989-03-07 23:04:06'),
('697160',NULL,'1997-12-20 13:56:54','2014-11-30 20:38:59'),
('697233',NULL,'1985-08-22 08:31:04','2004-03-17 17:46:47'),
('698140',NULL,'2005-04-03 23:53:20','2010-05-16 01:11:40'),
('699773',NULL,'1992-12-18 00:20:11','1973-11-14 19:21:09'),
('701373',NULL,'1982-07-14 17:40:20','1995-07-31 21:59:35'),
('705152',NULL,'2013-04-21 08:30:34','2005-04-23 14:23:23'),
('712556',NULL,'2011-05-22 21:47:24','1986-07-03 04:00:13'),
('727270',NULL,'2009-03-21 14:59:56','1987-10-06 15:16:08'),
('745731',NULL,'1981-12-22 17:04:58','2010-02-15 19:38:28'),
('749716',NULL,'2011-06-19 09:08:29','1978-11-18 01:50:31'),
('753683',NULL,'1984-11-03 08:32:54','1980-11-24 04:46:36'),
('770409',NULL,'1973-03-16 17:22:39','2004-09-11 15:51:50'),
('776120',NULL,'1995-03-02 08:25:50','2016-06-08 17:03:15'),
('797722',NULL,'1980-11-09 00:02:03','1990-12-16 14:34:38'),
('798686',NULL,'1983-12-15 12:45:31','1985-04-20 12:05:57'),
('799477',NULL,'1975-02-27 04:06:45','1992-06-15 11:09:49'),
('802524',NULL,'1977-02-20 20:33:55','2010-10-25 23:11:41'),
('803412',NULL,'1987-07-10 21:04:59','1990-04-07 22:52:25'),
('803519',NULL,'2009-11-29 16:34:58','1978-06-01 04:02:23'),
('813394',NULL,'1971-01-24 21:35:22','1972-02-06 00:54:20'),
('824322',NULL,'2003-08-26 04:21:14','1971-08-29 16:03:46'),
('826742',NULL,'2009-10-21 10:05:02','1984-01-21 08:09:32'),
('831187',NULL,'2011-07-10 20:19:26','1992-06-08 21:13:56'),
('831861',NULL,'1970-03-19 15:25:00','1981-10-25 16:18:07'),
('836218',NULL,'2019-02-16 17:52:57','1992-04-20 16:55:49'),
('841156',NULL,'1996-08-27 19:25:03','1995-07-18 14:01:06'),
('845012',NULL,'1975-05-18 02:25:05','2003-03-20 06:24:40'),
('857803',NULL,'1971-08-13 05:37:48','2006-12-29 17:28:09'),
('858102',NULL,'2000-10-03 03:51:22','2001-07-01 10:55:02'),
('859910',NULL,'1990-05-17 14:56:30','1986-05-30 16:18:21'),
('871085',NULL,'1980-04-09 12:11:39','1989-04-03 12:48:07'),
('874247',NULL,'2003-07-12 03:57:35','2000-11-28 21:01:04'),
('876051',NULL,'2000-12-13 03:26:02','1989-01-09 19:14:06'),
('879624',NULL,'1978-11-30 19:07:42','1976-03-31 05:54:19'),
('884888',NULL,'2012-10-21 10:40:17','1997-08-28 00:20:25'),
('889988',NULL,'1972-03-08 21:06:19','1975-04-22 06:00:20'),
('890892',NULL,'2004-05-02 23:41:01','2003-08-29 01:15:39'),
('893400',NULL,'1986-03-10 00:26:35','2004-06-18 13:20:19'),
('894037',NULL,'1996-09-11 06:44:17','2012-05-05 19:30:28'),
('898225',NULL,'2011-02-20 08:41:58','2016-06-24 01:44:34'),
('898721',NULL,'1970-12-06 19:50:36','1987-10-16 23:35:18'),
('910286',NULL,'1999-01-24 11:01:21','2007-07-21 18:19:10'),
('914481',NULL,'1993-09-01 03:00:04','2004-09-25 04:09:40'),
('917047',NULL,'2002-06-26 06:35:42','1983-10-02 12:33:20'),
('927980',NULL,'1972-09-26 05:11:00','2019-08-26 12:16:20'),
('929257',NULL,'1996-06-02 06:06:59','2011-12-25 15:03:57'),
('929454',NULL,'1978-03-31 17:34:20','1987-05-08 13:51:32'),
('930480',NULL,'1979-05-20 15:58:33','1971-09-05 21:35:39'),
('932489',NULL,'1997-10-15 00:15:47','1992-11-03 14:07:22'),
('933808',NULL,'1986-01-05 15:28:28','2016-10-18 20:50:26'),
('949061',NULL,'1991-01-10 10:18:17','1989-03-02 03:16:51'),
('956189',NULL,'2006-01-22 11:41:04','1976-09-27 20:37:49'),
('956232',NULL,'2017-03-15 20:56:11','1985-05-29 22:45:09'),
('956453',NULL,'2010-05-30 11:35:32','2013-09-10 21:41:26'),
('958167',NULL,'1988-05-25 08:52:41','2003-10-18 16:13:42'),
('963584',NULL,'1996-12-30 15:38:13','1999-08-12 11:42:14'),
('966403',NULL,'1988-04-02 18:54:17','2004-02-14 11:40:08'),
('982673',NULL,'1999-09-18 00:17:57','1999-11-08 04:28:30'),
('984204',NULL,'1977-07-20 10:21:12','1995-09-16 21:20:25'),
('994565',NULL,'1997-06-09 13:30:36','1973-10-19 17:26:40'),
('997626',NULL,'2002-07-28 10:13:00','1983-10-26 22:12:13'),
('1012876',NULL,'2005-07-06 12:51:12','1987-06-11 23:44:26'),
('1050861',NULL,'2012-08-03 23:58:37','1990-11-15 23:22:33'),
('1090646',NULL,'1984-06-08 18:00:38','1973-01-25 21:31:20'),
('1114568',NULL,'2014-06-26 04:50:50','1975-05-11 12:13:35'),
('1141906',NULL,'1973-12-26 09:43:34','1995-01-25 08:05:13'),
('1180034',NULL,'1984-02-20 19:53:19','1975-10-10 01:23:01'),
('1249639',NULL,'1988-11-14 22:16:07','1979-11-26 05:28:51'),
('1351261',NULL,'2007-12-31 13:17:34','1975-03-29 18:04:18'),
('1544941',NULL,'1971-09-30 14:59:24','1972-08-08 00:48:11'),
('1611064',NULL,'2015-01-19 04:16:36','1977-04-23 20:39:45'),
('1628274',NULL,'2017-10-06 17:15:11','1997-12-16 19:30:19'),
('1766132',NULL,'1986-05-17 20:36:47','1976-06-16 02:22:32'),
('1831300',NULL,'2018-03-17 03:17:18','2003-08-27 03:07:41'),
('1847672',NULL,'1992-06-30 05:54:36','1973-02-19 01:58:48'),
('1870928',NULL,'1986-07-10 02:31:41','1977-07-07 10:12:08'),
('1893924',NULL,'2012-09-10 08:29:09','2015-06-11 02:50:10'),
('1897098',NULL,'2019-08-23 19:51:13','2003-01-26 22:02:13'),
('1952942',NULL,'2018-05-06 12:48:09','1976-01-11 02:54:33'),
('1996660',NULL,'1975-07-19 01:58:25','1970-02-10 14:59:11'),
('2059711',NULL,'1981-12-08 19:04:11','1973-12-01 18:44:55'),
('2146949',NULL,'1977-06-15 20:58:04','1982-03-04 10:43:04'),
('2158984',NULL,'1991-11-13 19:43:10','2001-11-08 03:41:23'),
('2223932',NULL,'2011-01-15 09:38:45','2014-10-28 05:53:50'),
('2276991',NULL,'1987-02-25 14:22:48','2010-08-19 01:37:35'),
('2294295',NULL,'1984-11-01 07:31:57','1994-12-05 19:14:40'),
('2298814',NULL,'1980-12-19 21:06:31','1993-01-02 05:50:38'),
('2346028',NULL,'1991-07-31 14:35:48','2008-02-08 04:39:18'),
('2383972',NULL,'2012-05-06 04:56:58','2011-04-01 05:46:24'),
('2562722',NULL,'1974-04-04 15:15:01','2015-03-25 12:44:14'),
('2641891',NULL,'1987-06-28 22:06:15','2002-07-19 21:01:55'),
('2680251',NULL,'2008-03-02 18:25:53','1970-01-17 16:55:30'),
('2753346',NULL,'1980-08-14 04:31:12','1973-09-16 05:43:32'),
('2808610',NULL,'1992-08-21 20:18:40','1984-05-28 09:17:10'),
('2847203',NULL,'2010-03-10 07:53:09','1988-03-08 07:56:34'),
('2884622',NULL,'1977-01-21 03:22:50','1974-06-23 15:02:15'),
('2954155',NULL,'1984-07-25 23:58:48','1995-07-19 04:56:53'),
('3055620',NULL,'2013-02-20 01:22:26','2013-11-01 17:23:37'),
('3068864',NULL,'1982-10-29 20:49:06','2017-10-22 01:27:42'),
('3317721',NULL,'2006-09-08 19:25:47','1975-03-03 01:39:09'),
('3335993',NULL,'1979-02-17 06:33:22','1972-05-28 04:09:28'),
('3490867',NULL,'2005-11-29 05:39:43','1981-04-10 16:37:13'),
('3535496',NULL,'1973-08-23 15:34:01','2001-01-01 13:01:38'),
('3551585',NULL,'1995-07-03 14:08:41','2007-05-24 16:31:07'),
('3552506',NULL,'2007-02-09 21:36:52','1998-01-13 09:11:19'),
('3561943',NULL,'1993-10-11 03:57:16','1992-09-18 02:10:37'),
('3627313',NULL,'1975-06-25 08:35:07','1989-04-19 16:21:05'),
('3644256',NULL,'1993-02-25 13:45:58','2005-06-21 17:33:06'),
('3698615',NULL,'2001-08-15 03:38:27','1972-12-24 04:11:33'),
('3713346',NULL,'1970-06-27 09:19:44','2018-10-26 19:55:50'),
('3737624',NULL,'2006-04-13 19:52:06','2006-09-09 08:52:52'),
('3822959',NULL,'1988-10-05 11:30:42','1991-04-05 16:17:19'),
('3839889',NULL,'2008-05-10 07:06:13','1982-05-14 15:19:40'),
('3885433',NULL,'1985-05-13 13:40:59','2008-06-07 08:48:15'),
('4014938',NULL,'1999-07-12 08:19:12','2001-09-27 21:42:30'),
('4122009',NULL,'2019-03-19 18:47:03','2003-12-11 06:01:06'),
('4325742',NULL,'1988-04-09 17:08:45','2016-11-04 12:45:01'),
('4346457',NULL,'1974-02-12 09:25:03','1990-02-25 07:54:51'),
('4360630',NULL,'1991-04-07 17:58:44','2019-03-10 12:59:34'),
('4405396',NULL,'2005-03-31 23:06:28','1990-05-15 08:46:32'),
('4650892',NULL,'1992-11-26 21:54:09','1980-05-10 11:54:06'),
('4681438',NULL,'1994-02-21 20:35:45','2000-12-27 06:39:59'),
('4719946',NULL,'1983-02-27 10:17:27','1979-12-06 21:55:18'),
('4740957',NULL,'2002-01-09 12:07:55','1996-01-28 19:13:11'),
('4765429',NULL,'2006-04-10 16:07:33','2000-04-19 21:40:07'),
('4840784',NULL,'2006-10-10 17:16:49','2006-06-09 16:04:01'),
('4891312',NULL,'1978-04-17 01:17:53','2001-01-28 22:46:02'),
('5014616',NULL,'1985-08-19 20:23:45','1970-04-21 06:12:15'),
('5026408',NULL,'1997-08-08 13:58:25','2010-11-06 23:33:25'),
('5121377',NULL,'2006-06-04 12:37:12','1975-03-26 04:23:36'),
('5139757',NULL,'1974-02-13 05:02:34','2000-04-06 06:31:00'),
('5179245',NULL,'1989-05-19 23:32:42','1997-11-11 21:51:04'),
('5305807',NULL,'2017-05-21 14:35:06','1999-08-26 07:15:37'),
('5312988',NULL,'1974-11-04 00:38:17','2005-09-06 19:22:33'),
('5350227',NULL,'1980-02-05 14:04:35','1970-07-18 06:00:51'),
('5354746',NULL,'2006-12-18 03:06:30','1992-01-29 07:04:16'),
('5405648',NULL,'1993-12-07 06:15:30','1979-10-10 07:21:06'),
('5694563',NULL,'2012-02-04 16:56:58','2002-07-24 02:58:06'),
('5706567',NULL,'1989-11-08 17:15:02','1988-12-10 07:54:21'),
('5734851',NULL,'2016-07-16 11:22:01','1976-02-15 15:07:06'),
('5988045',NULL,'2004-03-01 23:15:04','1990-04-06 10:36:39'),
('6041750',NULL,'2001-07-13 21:48:51','1983-02-07 02:40:04'),
('6218700',NULL,'2000-12-29 15:44:28','1972-10-04 17:24:56'),
('6237477',NULL,'2000-06-30 01:56:45','2012-05-22 17:40:18'),
('6485123',NULL,'2004-03-09 11:47:25','1982-09-16 11:32:03'),
('6653908',NULL,'1979-06-25 16:01:11','2019-02-04 09:59:10'),
('6680012',NULL,'1990-05-21 18:03:03','1971-03-20 15:46:22'),
('6697678',NULL,'1978-04-21 04:23:34','1970-10-20 02:11:47'),
('6704590',NULL,'1988-09-12 17:44:17','1996-04-01 06:39:12'),
('6771161',NULL,'1983-03-14 23:38:20','1972-08-31 18:15:22'),
('6811732',NULL,'2019-04-29 16:13:23','2003-04-25 13:49:03'),
('6943711',NULL,'2003-12-31 13:04:52','1999-10-29 12:34:23'),
('6972070',NULL,'1988-05-29 07:44:28','1995-06-25 22:24:56'),
('7064317',NULL,'1993-06-08 00:12:24','2014-03-28 10:58:15'),
('7103337',NULL,'1973-12-04 02:22:57','1978-06-05 14:22:34'),
('7156895',NULL,'1998-08-20 15:37:49','1996-04-23 07:07:06'),
('7288239',NULL,'1980-01-09 00:06:21','2018-08-22 03:06:57'),
('7332967',NULL,'1994-04-18 22:44:46','2018-10-12 03:49:13'),
('7340843',NULL,'1986-05-17 20:29:52','2009-02-20 19:55:39'),
('7345747',NULL,'1999-04-08 00:01:12','2006-04-20 05:22:58'),
('7394510',NULL,'1995-11-24 01:28:00','2015-06-21 16:15:33'),
('7558377',NULL,'1987-10-04 00:15:01','1989-06-06 08:38:47'),
('7662514',NULL,'2005-04-20 12:43:08','1970-10-07 04:17:52'),
('7702432',NULL,'1981-07-05 00:20:40','2003-11-02 23:06:11'),
('7715591',NULL,'2018-09-23 12:48:53','1977-10-31 05:08:51'),
('7731942',NULL,'1996-10-11 21:08:01','2007-10-29 23:52:36'),
('7732208',NULL,'1995-09-26 14:48:19','1999-09-29 04:23:41'),
('7759178',NULL,'1998-02-24 17:07:55','2011-07-01 23:44:45'),
('7760326',NULL,'1980-08-17 19:36:36','2018-10-17 14:25:00'),
('7903197',NULL,'1988-11-29 01:44:15','2007-01-08 20:17:13'),
('7943455',NULL,'2006-10-10 18:53:45','1984-02-10 12:03:36'),
('8134997',NULL,'2004-01-29 15:00:29','1974-10-22 19:37:00'),
('8205259',NULL,'2018-07-14 05:58:40','2012-05-29 04:00:48'),
('8222216',NULL,'1970-11-28 14:57:36','1971-10-18 05:30:06'),
('8275022',NULL,'1999-01-22 05:25:01','1996-11-27 21:05:25'),
('8322146',NULL,'2012-02-28 11:36:02','1976-12-23 06:40:24'),
('8363841',NULL,'1970-08-03 14:02:36','2000-01-16 09:56:48'),
('8426867',NULL,'2004-08-27 03:13:08','1992-10-04 16:48:34'),
('8428036',NULL,'1975-01-06 04:01:03','1998-04-13 17:31:25'),
('8452819',NULL,'2006-05-17 09:22:42','2015-03-04 13:32:19'),
('8539017',NULL,'2016-09-01 00:52:25','1999-04-26 07:34:58'),
('8698725',NULL,'2004-06-23 03:50:47','1997-06-28 00:28:18'),
('8701688',NULL,'1971-11-08 02:35:56','1974-04-30 09:15:41'),
('8789811',NULL,'1985-12-17 11:35:35','1972-10-24 14:14:50'),
('8866276',NULL,'2006-12-20 04:46:26','2009-04-20 05:26:27'),
('8905220',NULL,'1979-06-29 20:45:13','2005-03-16 03:32:00'),
('9000528',NULL,'1986-03-20 15:04:01','1974-12-30 19:56:43'),
('9028013',NULL,'2019-06-03 18:07:46','2006-10-18 22:07:22'),
('9111064',NULL,'1985-09-20 19:31:51','2009-07-20 17:33:30'),
('9128080',NULL,'1991-12-18 20:04:58','2010-08-02 09:02:41'),
('9221973',NULL,'1981-05-14 00:23:59','1999-06-25 22:02:44'),
('9270593',NULL,'2016-02-11 22:36:59','1990-01-23 06:20:53'),
('9281476',NULL,'1972-08-02 04:45:04','1971-06-17 14:41:51'),
('9353362',NULL,'1982-01-22 11:56:58','2001-03-22 15:11:26'),
('9468998',NULL,'2006-03-05 09:21:42','1989-01-27 06:37:08'),
('9487435',NULL,'1988-07-14 03:09:51','1996-12-30 19:22:04'),
('9490190',NULL,'1984-11-29 16:55:44','1991-02-20 11:45:03'),
('9554742',NULL,'1989-12-31 17:57:57','1994-03-05 17:27:38'),
('9741729',NULL,'1995-10-11 15:07:09','1976-07-27 19:59:38'),
('9779776',NULL,'1972-05-13 04:24:50','2018-10-18 08:04:18'),
('9940313',NULL,'1970-03-12 21:44:42','2015-09-27 09:59:58'),
('11039364',NULL,'1994-03-03 18:02:27','1997-04-17 15:34:26'),
('11857430',NULL,'2008-11-26 05:11:30','2011-06-02 02:29:54'),
('12299461',NULL,'2013-08-28 16:05:26','2016-07-21 11:49:45'),
('12623090',NULL,'1997-03-13 20:59:59','1980-08-04 21:04:02'),
('12858285',NULL,'1992-08-26 17:05:51','2005-04-11 20:12:38'),
('13237075',NULL,'1980-02-18 15:31:59','2017-06-18 04:58:41'),
('14304188',NULL,'2008-02-24 01:25:28','2015-03-20 19:48:01'),
('15274021',NULL,'2005-09-07 21:27:24','2005-08-11 18:24:11'),
('15608649',NULL,'2011-07-15 08:24:49','1991-09-15 20:23:40'),
('16399876',NULL,'1971-03-14 23:05:43','1987-10-07 01:05:15'),
('16507188',NULL,'1985-01-14 14:55:01','2005-12-27 07:34:28'),
('18519036',NULL,'2005-07-11 12:52:18','1991-03-01 03:29:19'),
('18597472',NULL,'2006-09-03 17:36:37','1972-07-18 00:23:15'),
('19321396',NULL,'1972-02-13 09:32:55','2013-06-20 08:21:49'),
('19631722',NULL,'1994-03-06 01:00:52','2015-03-25 09:25:54'),
('22181337',NULL,'2003-04-03 00:04:16','2018-04-25 13:53:36'),
('22370600',NULL,'2002-06-20 00:52:53','1994-04-01 16:56:21'),
('22458979',NULL,'1997-01-10 18:45:44','1991-03-10 06:02:50'),
('23172031',NULL,'2006-10-24 15:34:37','1989-01-17 19:03:20'),
('24053697',NULL,'1975-08-08 16:19:12','2019-03-03 20:21:26'),
('24197757',NULL,'1972-05-13 09:22:48','1995-04-16 12:40:20'),
('24332914',NULL,'1970-01-25 02:04:07','2008-01-08 00:00:09'),
('25338269',NULL,'2008-02-19 22:48:01','1987-07-25 13:18:23'),
('28859374',NULL,'1973-06-29 17:21:49','1984-11-12 07:04:46'),
('29262214',NULL,'1997-06-03 22:04:15','1993-05-02 09:06:54'),
('29779529',NULL,'1999-05-24 17:34:04','2010-11-11 01:41:59'),
('31813974',NULL,'2008-05-06 18:56:41','2012-12-07 15:52:12'),
('32382204',NULL,'1975-10-21 22:56:01','1991-10-05 14:36:50'),
('33814178',NULL,'1997-12-29 12:22:32','2002-07-24 19:15:28'),
('33842811',NULL,'1994-07-27 07:04:18','1971-07-29 22:13:47'),
('37059534',NULL,'2018-07-05 04:08:00','1976-06-22 21:17:18'),
('37698341',NULL,'2014-10-12 20:28:36','1991-03-25 21:03:53'),
('38276622',NULL,'1977-03-30 06:42:58','1987-06-24 02:30:31'),
('39068108',NULL,'1986-11-10 04:02:47','2018-12-24 06:40:20'),
('41301247',NULL,'1971-07-26 08:35:07','1985-04-25 00:37:55'),
('41424938',NULL,'1982-06-24 15:06:08','1990-09-22 02:39:02'),
('42352596',NULL,'2002-05-10 14:14:55','1992-07-19 15:14:25'),
('42887164',NULL,'2018-09-30 10:52:32','2001-11-29 02:23:14'),
('43128755',NULL,'2002-08-22 17:11:14','1977-07-28 21:04:00'),
('43512542',NULL,'2000-10-08 05:47:51','1999-12-04 16:46:31'),
('44618780',NULL,'2019-07-31 07:17:44','1980-06-20 03:14:18'),
('44958807',NULL,'1997-04-04 15:01:38','1991-05-12 03:38:30'),
('45262294',NULL,'2005-03-19 03:25:41','1973-12-27 02:28:24'),
('46423920',NULL,'2013-11-20 23:57:55','1970-12-16 05:02:16'),
('47329993',NULL,'1994-11-19 17:14:12','1980-08-07 05:13:05'),
('47585827',NULL,'1987-02-14 06:27:42','2010-07-17 17:45:36'),
('47674548',NULL,'2018-08-04 23:02:48','1986-02-08 02:00:45'),
('51675765',NULL,'1972-03-15 09:00:00','2019-02-26 22:53:56'),
('51707696',NULL,'2005-01-26 16:09:17','1995-08-02 11:30:37'),
('52882007',NULL,'2005-06-23 16:10:13','1981-01-02 09:33:19'),
('54379084',NULL,'2010-06-06 11:56:36','1981-08-02 14:11:05'),
('54403817',NULL,'2017-05-30 23:49:22','2018-02-01 16:08:41'),
('54891286',NULL,'2000-08-02 03:40:20','1975-03-19 08:55:44'),
('55188921',NULL,'2019-03-31 00:21:59','1978-07-13 18:37:34'),
('56044522',NULL,'1982-01-17 05:24:40','1995-04-07 10:24:44'),
('56276801',NULL,'1978-08-18 19:27:15','1978-04-21 18:46:13'),
('56353398',NULL,'2014-08-21 04:07:36','1972-06-04 16:52:09'),
('56775759',NULL,'1989-02-17 02:59:40','1971-03-28 20:51:31'),
('57448018',NULL,'2013-04-18 10:49:31','1989-03-11 13:34:04'),
('57809709',NULL,'1987-09-02 19:52:36','2008-08-05 15:09:11'),
('58181569',NULL,'1972-12-05 22:51:30','2017-08-23 10:36:53'),
('58206490',NULL,'1972-01-06 15:59:50','2005-04-08 19:03:50'),
('62266502',NULL,'1991-11-20 21:31:57','1983-11-14 16:08:23'),
('63396207',NULL,'1987-08-04 00:18:05','1975-06-09 03:09:20'),
('64670711',NULL,'2010-07-22 20:41:10','1998-08-05 23:30:16'),
('65928421',NULL,'2019-08-12 18:57:26','1985-07-21 17:08:28'),
('66399507',NULL,'1971-07-22 15:58:51','1991-01-17 16:02:15'),
('66768522',NULL,'1972-05-19 03:22:17','2004-07-28 07:29:04'),
('67152513',NULL,'1977-09-04 07:41:10','2003-01-23 12:33:15'),
('67293608',NULL,'1986-04-19 01:58:35','1973-01-14 21:25:36'),
('67490151',NULL,'1978-02-26 08:34:01','1981-09-01 07:45:47'),
('68046805',NULL,'1986-04-30 22:45:14','1999-06-05 15:34:22'),
('68317890',NULL,'2001-09-18 19:50:47','2006-08-30 04:21:15'),
('70699573',NULL,'1998-10-31 11:58:15','1981-02-21 03:10:34'),
('72095216',NULL,'1992-11-01 22:12:51','2004-04-12 15:47:03'),
('72956542',NULL,'1982-11-20 14:04:46','2007-05-01 15:42:27'),
('73827159',NULL,'1994-12-04 19:33:04','2019-05-19 20:44:02'),
('74385850',NULL,'1999-04-15 19:09:42','1993-06-26 10:40:25'),
('74772148',NULL,'2007-07-28 08:35:13','1975-08-15 18:29:15'),
('75930493',NULL,'1974-12-06 23:23:11','1988-07-04 13:09:21'),
('77005636',NULL,'2012-07-15 13:24:19','2016-07-03 22:44:13'),
('78557692',NULL,'2001-12-02 06:08:37','1980-06-22 15:05:25'),
('79179393',NULL,'2018-07-27 17:24:26','1982-01-15 15:20:29'),
('80773224',NULL,'1979-09-13 13:35:43','1994-02-07 21:40:27'),
('81668788',NULL,'1975-11-04 09:36:02','1970-09-02 21:15:11'),
('82458961',NULL,'1990-10-28 23:28:23','1977-10-07 05:25:51'),
('83593555',NULL,'2008-05-30 10:02:23','1979-04-23 10:04:59'),
('84510641',NULL,'1978-07-06 15:17:14','2004-03-26 12:43:28'),
('85068393',NULL,'1984-05-15 18:52:57','2006-03-15 01:14:40'),
('86584121',NULL,'2018-11-08 05:44:41','1984-05-30 19:36:18'),
('86782309',NULL,'1984-11-13 07:48:37','1971-04-13 10:50:49'),
('87436581',NULL,'1973-08-18 03:07:19','2003-08-31 02:04:07'),
('87994214',NULL,'1996-11-11 08:40:28','1980-11-14 15:57:58'),
('88331887',NULL,'1992-07-01 15:24:29','2000-01-09 15:31:08'),
('88337225',NULL,'1995-03-14 21:31:17','2009-10-16 10:38:08'),
('88418671',NULL,'1974-09-28 15:19:39','2011-03-18 12:09:18'),
('88972411',NULL,'2005-09-27 13:38:27','2011-09-21 15:37:54'),
('89533868',NULL,'2016-06-06 10:06:20','1975-09-13 01:22:17'),
('89625201',NULL,'1994-07-09 16:43:14','2001-01-11 04:56:37'),
('89801000',NULL,'2002-12-10 19:40:24','1986-07-26 22:00:18'),
('90032875',NULL,'1985-10-05 05:47:47','1987-04-19 00:44:15'),
('90612589',NULL,'1981-05-12 10:52:51','1979-01-17 15:47:40'),
('90615404',NULL,'1995-09-16 13:00:04','1984-11-08 22:52:53'),
('91054768',NULL,'1983-01-06 11:39:41','1974-08-04 23:07:48'),
('91539837',NULL,'2017-06-15 03:44:13','1994-12-16 12:44:51'),
('92642291',NULL,'2015-03-06 16:44:55','2010-07-06 10:55:49'),
('93019180',NULL,'1983-07-20 01:07:25','1983-12-21 18:07:42'),
('93644208',NULL,'2008-04-21 22:30:05','2016-09-06 17:05:35'),
('93744393',NULL,'1977-04-01 05:18:57','2008-06-24 08:21:08'),
('94824798',NULL,'2009-11-28 01:27:41','1985-01-13 08:42:45'),
('94863672',NULL,'2001-01-10 01:27:15','1986-09-06 11:43:36'),
('95005925',NULL,'1998-08-24 07:57:12','1976-11-25 12:28:24'),
('95279916',NULL,'1981-07-13 09:21:48','1998-09-25 18:50:50'),
('96088277',NULL,'2001-12-20 10:08:09','1979-11-22 06:40:12'),
('96089504',NULL,'1988-08-19 18:53:18','1976-04-04 07:35:20'),
('98053730',NULL,'1987-03-11 03:59:32','2004-07-11 11:16:20'),
('98141052',NULL,'2003-04-25 16:39:27','2005-07-17 18:02:03'),
('98171680',NULL,'1971-01-17 20:14:25','2006-12-27 14:36:39'),
('98553465',NULL,'2018-07-17 19:00:02','1988-05-06 21:52:32'),
('101897831',NULL,'2008-04-04 19:21:23','2019-01-09 03:06:10'),
('126476264',NULL,'1987-05-28 17:55:24','1979-08-04 02:12:07'),
('136249228',NULL,'1981-07-06 14:41:23','2002-08-29 06:07:55'),
('144082028',NULL,'2009-06-24 05:51:15','1988-11-20 19:28:38'),
('150867517',NULL,'2019-08-04 05:19:03','2007-10-27 19:45:29'),
('162995919',NULL,'1980-06-18 14:39:49','1983-05-12 11:47:52'),
('164102378',NULL,'1977-12-26 09:15:34','1979-01-17 19:49:24'),
('164424974',NULL,'2006-04-19 00:49:12','2011-05-11 10:33:31'),
('170574648',NULL,'2013-05-17 08:33:09','1994-07-12 01:37:43'),
('177033857',NULL,'2007-04-16 17:48:09','2018-03-28 12:57:20'),
('180623417',NULL,'1992-01-04 01:28:31','2009-05-27 10:03:06'),
('211279591',NULL,'2003-05-13 15:28:16','1998-10-04 20:27:23'),
('215793348',NULL,'2005-08-27 09:13:31','2007-03-12 15:31:29'),
('218327831',NULL,'1977-03-04 19:33:33','2009-02-17 12:13:24'),
('220515358',NULL,'2009-05-18 06:39:33','2004-03-24 05:52:05'),
('257419854',NULL,'1984-01-02 16:46:46','1993-04-07 09:59:27'),
('263358382',NULL,'2012-12-15 22:00:56','2012-01-11 01:28:14'),
('270392483',NULL,'2002-05-09 05:28:25','2009-06-26 00:39:37'),
('279237470',NULL,'2017-02-09 07:48:21','1980-07-15 02:24:25'),
('302581747',NULL,'1989-06-16 03:19:20','2003-10-09 14:03:06'),
('305005267',NULL,'2000-03-16 05:18:20','2010-01-27 23:15:24'),
('308901895',NULL,'1980-02-15 11:24:38','2003-01-21 19:24:46'),
('315080882',NULL,'1975-04-16 19:48:46','2002-09-15 07:09:24'),
('318744027',NULL,'2000-05-07 10:35:29','2008-08-13 23:26:38'),
('325928484',NULL,'2012-09-28 16:08:56','1975-11-10 06:13:08'),
('329189096',NULL,'1977-02-16 18:53:54','2016-03-01 03:14:43'),
('344409959',NULL,'1986-04-22 02:54:29','1986-05-18 09:06:04'),
('346080372',NULL,'1973-06-27 04:52:27','2018-06-17 09:23:16'),
('347095776',NULL,'1982-04-07 18:42:11','2014-10-07 09:03:19'),
('349332004',NULL,'1970-01-11 15:58:21','2013-09-18 20:33:57'),
('356096965',NULL,'2004-02-26 22:07:02','1992-03-07 20:26:17'),
('364196683',NULL,'1997-03-25 08:18:05','1988-04-11 06:02:35'),
('375261071',NULL,'2005-06-19 13:14:06','1994-11-24 18:02:31'),
('393351608',NULL,'1977-06-08 18:47:15','2002-11-15 17:46:25'),
('399641099',NULL,'1981-09-03 19:05:54','1980-03-24 16:36:11'),
('405103130',NULL,'2000-09-08 04:17:40','2000-09-21 16:57:52'),
('406864758',NULL,'1972-11-09 05:34:41','2017-09-24 20:57:50'),
('410882497',NULL,'2013-06-11 14:59:30','1974-08-24 21:46:19'),
('415608982',NULL,'1983-02-05 18:51:58','2015-02-04 00:22:03'),
('423049333',NULL,'1991-11-03 12:50:57','2013-11-07 17:31:26'),
('427485985',NULL,'2010-05-27 14:08:28','1978-07-07 21:16:21'),
('440167566',NULL,'1994-06-29 19:35:43','1979-11-05 11:49:35'),
('445582665',NULL,'2005-04-25 22:36:05','2012-11-17 08:19:35'),
('454887337',NULL,'2017-08-17 21:09:53','2012-06-23 07:31:42'),
('464073212',NULL,'2018-08-21 15:01:42','2011-05-01 01:17:48'),
('483164434',NULL,'2007-01-07 13:58:06','1985-12-10 22:20:40'),
('488553533',NULL,'1984-06-04 12:52:09','1973-04-30 09:02:52'),
('503485529',NULL,'1984-10-06 05:32:10','1972-04-03 11:57:37'),
('505018977',NULL,'1994-07-08 19:15:35','2009-08-15 02:31:15'),
('508465655',NULL,'2013-04-26 21:14:54','1984-06-10 11:38:23'),
('531712460',NULL,'1993-04-27 02:09:59','2013-12-23 15:16:52'),
('540468053',NULL,'1980-08-16 00:45:21','1982-08-07 15:24:17'),
('543868783',NULL,'2002-11-15 20:20:21','1989-10-21 10:21:23'),
('546284406',NULL,'1998-04-17 06:13:56','2006-01-25 12:35:11'),
('549556309',NULL,'2007-04-30 02:18:31','1998-12-13 04:34:17'),
('550062874',NULL,'2001-02-07 16:44:05','2006-09-17 00:20:37'),
('571329809',NULL,'2002-06-17 21:02:43','1993-09-18 11:21:19'),
('589657600',NULL,'1981-10-20 23:07:10','2008-04-26 22:38:22'),
('596043440',NULL,'1978-01-28 02:51:09','2008-07-08 20:04:22'),
('618339455',NULL,'2010-04-04 02:33:04','1972-09-29 13:30:33'),
('631904189',NULL,'2019-08-21 04:32:42','1975-05-11 13:25:49'),
('634634737',NULL,'1997-04-13 07:50:46','2002-09-21 19:00:45'),
('649924802',NULL,'2009-03-14 07:29:47','1977-04-04 05:49:10'),
('667736991',NULL,'1988-11-02 13:00:37','1989-02-19 13:19:52'),
('674376927',NULL,'1981-04-21 07:31:36','1984-03-14 00:43:27'),
('674547614',NULL,'1970-06-09 04:28:07','1980-05-25 14:44:52'),
('679504261',NULL,'1986-08-13 17:40:07','1979-03-25 00:13:28'),
('698994196',NULL,'1987-08-13 04:37:54','1994-02-08 11:28:00'),
('702140846',NULL,'1976-08-15 20:26:23','1981-02-09 01:32:49'),
('709128098',NULL,'1992-02-06 05:04:39','1993-09-07 01:13:55'),
('711692215',NULL,'2001-04-23 12:11:06','1993-09-10 22:39:28'),
('711958727',NULL,'1989-02-22 18:05:47','1989-07-22 19:01:40'),
('712877366',NULL,'1970-07-04 00:19:05','2018-06-28 22:35:52'),
('722251571',NULL,'1972-02-22 00:55:22','1977-01-19 04:23:34'),
('724825843',NULL,'2007-05-17 19:38:00','1986-11-01 16:10:27'),
('741609398',NULL,'1984-04-25 07:37:01','1999-09-15 14:21:19'),
('752379563',NULL,'1984-06-02 15:09:22','2005-11-30 18:49:07'),
('766287655',NULL,'2013-05-31 07:02:51','1992-07-01 22:00:03'),
('782248128',NULL,'1977-01-30 02:51:12','2014-08-05 14:32:23'),
('784734684',NULL,'1988-09-10 09:55:26','2002-02-17 22:43:07'),
('787479583',NULL,'1980-11-04 03:42:31','1998-03-15 08:24:09'),
('787798307',NULL,'2002-01-31 12:16:43','1989-02-18 04:57:35'),
('788037508',NULL,'1993-09-13 01:55:13','1982-04-03 11:20:26'),
('791176242',NULL,'1998-05-14 22:17:47','2005-09-19 13:26:22'),
('791503291',NULL,'1989-07-26 09:15:21','1973-07-16 07:56:02'),
('796733024',NULL,'1987-03-06 13:08:21','1997-06-27 07:18:11'),
('800407085',NULL,'1990-05-23 06:00:30','1994-01-22 16:10:52'),
('802276527',NULL,'1997-12-27 19:27:41','1982-03-01 04:19:10'),
('805496390',NULL,'1985-01-25 05:07:54','1986-12-13 13:44:23'),
('808974856',NULL,'1978-08-09 10:13:56','1980-10-18 16:30:43'),
('809324734',NULL,'1994-04-30 10:05:03','2015-07-17 23:41:49'),
('814103463',NULL,'1980-10-13 18:56:34','2002-12-17 06:07:57'),
('820467196',NULL,'1992-05-26 13:27:45','2016-03-13 18:01:48'),
('821222370',NULL,'2015-03-05 04:21:04','1997-08-08 00:53:13'),
('821919707',NULL,'1995-05-09 08:59:41','2003-04-30 22:57:09'),
('861501975',NULL,'1995-10-08 02:37:05','1983-05-11 00:59:31'),
('887411503',NULL,'2012-05-24 11:07:53','1991-07-12 18:15:48'),
('895533294',NULL,'1973-05-26 21:51:29','2008-12-13 21:42:45'),
('896336102',NULL,'2007-07-27 06:19:48','2002-10-09 07:52:56'),
('912165752',NULL,'2018-03-03 16:51:13','1973-01-23 04:00:37'),
('918605640',NULL,'1988-10-15 00:06:06','1985-10-16 19:05:43'),
('919671079',NULL,'1985-05-26 21:14:47','1984-07-03 19:35:09'),
('920518062',NULL,'2014-02-24 13:14:51','1987-12-24 03:06:30'),
('927204295',NULL,'2012-06-20 08:23:40','2019-03-20 01:06:22'),
('932731642',NULL,'1980-01-16 21:13:35','1979-01-04 07:42:28'),
('969892372',NULL,'1971-10-07 09:41:39','2012-03-11 15:25:40'),
('979179454',NULL,'1980-01-19 06:03:29','1989-01-04 16:55:56'),
('981314846',NULL,'2015-03-24 18:09:20','2003-10-30 23:18:26'),
('983948768',NULL,'1984-11-12 19:47:08','1981-10-14 09:42:00'),
('992859545',NULL,'2015-05-16 15:01:46','2000-10-03 16:52:21'),
('994620361',NULL,'1973-07-17 00:47:20','2005-06-16 16:16:58'); 


DROP TABLE IF EXISTS `posts`;
CREATE TABLE `posts` (
  `id` int(10) unsigned NOT NULL AUTO_INCREMENT,
  `user_id` int(10) unsigned NOT NULL,
  `communitie_id` int(10) unsigned NOT NULL,
  `title` varchar(255) COLLATE utf8_unicode_ci NOT NULL,
  `body` text COLLATE utf8_unicode_ci NOT NULL,
  `important` tinyint(1) DEFAULT NULL,
  `delivered` tinyint(1) DEFAULT NULL,
  `created_at` datetime DEFAULT current_timestamp(),
  `updated_at` datetime DEFAULT current_timestamp() ON UPDATE current_timestamp(),
  PRIMARY KEY (`id`)
) ENGINE=InnoDB AUTO_INCREMENT=101 DEFAULT CHARSET=utf8 COLLATE=utf8_unicode_ci;

INSERT INTO `posts` VALUES ('1','1','39','Aut ducimus ut quia cum quam.','Porro vel facere consequatur minima exercitationem. Fugiat consequatur reprehenderit sit consequatur iste est est. Veritatis error rem aliquid.',NULL,NULL,'2002-03-21 00:59:01','1974-04-04 18:08:39'),
('2','2','100','Maiores iusto dolorem dolorum vel.','Beatae voluptatum est nulla. Sapiente illum aperiam aut.',NULL,NULL,'1977-07-23 04:14:31','2007-06-02 09:54:28'),
('3','3','96','Expedita qui atque aliquam numquam quod.','Quam totam magni pariatur suscipit eveniet. Unde perferendis debitis voluptatum modi nobis blanditiis ullam laudantium. Ut omnis et dolorem voluptates.',NULL,NULL,'1984-05-15 22:36:20','1983-11-11 13:29:42'),
('4','4','10','Recusandae nobis aliquid cumque.','Incidunt suscipit repudiandae ab harum molestiae eum id sed. Omnis sed recusandae eveniet dolor aut ratione vero. Voluptatem optio aperiam accusantium iusto suscipit et.',NULL,NULL,'1972-07-18 16:55:04','2014-07-28 08:48:29'),
('5','5','97','A dolor doloribus ea voluptas porro nesciunt voluptates.','Culpa est vero voluptatem rem consequatur omnis itaque. Voluptatem perspiciatis reprehenderit omnis dolorem laboriosam quis. Voluptatum amet qui quam harum iusto debitis. Libero necessitatibus doloribus molestias.',NULL,NULL,'2013-08-28 14:42:52','2001-05-08 17:50:54'),
('6','6','84','Voluptas magnam aperiam ea quia laudantium culpa.','Sunt cum adipisci voluptatibus reiciendis blanditiis. Blanditiis et assumenda assumenda aperiam quibusdam odit. Eos voluptatem velit repellat.',NULL,NULL,'1984-12-01 09:34:42','2018-04-09 19:14:33'),
('7','7','18','Labore qui quam quam quaerat dolores laborum voluptatem vitae.','Asperiores molestias exercitationem temporibus non. Alias magni molestias exercitationem hic quo nihil veritatis. Id veniam et odit fuga minima. Mollitia minima aspernatur repellendus qui.',NULL,NULL,'1984-01-31 18:59:14','2002-02-02 13:52:35'),
('8','8','10','Reprehenderit ipsum in quis ut quod minima consequatur.','Velit dolor velit recusandae aut. Voluptatibus quas placeat qui repudiandae ipsam. Molestiae hic repellendus voluptatem.',NULL,NULL,'1983-06-14 05:18:08','1987-02-04 07:48:21'),
('9','9','65','Architecto recusandae magni deleniti repellat rerum qui.','Facere omnis voluptas vero eius nisi sint in eius. Illo temporibus iure reprehenderit quis. Mollitia in et accusamus velit facilis molestiae doloremque.',NULL,NULL,'2003-09-12 02:38:17','1985-12-23 06:51:14'),
('10','10','33','Est non similique eos est.','Dicta delectus delectus doloribus deleniti laudantium doloremque. Voluptas inventore et odit modi vero laboriosam. Et suscipit aut exercitationem nemo velit perspiciatis.',NULL,NULL,'1990-01-09 12:33:56','1970-03-23 05:56:08'),
('11','11','73','Nihil tempora et necessitatibus nam vel autem.','Vel sapiente occaecati rerum illo eos dolor. Quaerat neque ut vel quia.',NULL,NULL,'2003-05-26 10:56:31','1972-01-02 01:54:13'),
('12','12','44','Et est et qui ut vero dolores minima.','Assumenda repellat assumenda iure sequi ipsam. Minus recusandae soluta tempora. Blanditiis autem et eaque minus. Qui illum est sed tempora accusantium placeat culpa doloremque.',NULL,NULL,'1996-06-23 15:27:20','1993-04-17 04:31:19'),
('13','13','17','Itaque reprehenderit explicabo dolorum cumque.','Qui provident et ullam modi vitae. Maiores sed aut doloremque sunt dolorem dolores. Eum incidunt molestiae blanditiis blanditiis illo enim sapiente.',NULL,NULL,'2008-02-17 09:57:24','1975-08-27 03:55:09'),
('14','14','45','Et eum fuga unde quisquam voluptatem sit.','Ut illum odio voluptatem voluptatem qui dolores. Eaque est dicta sequi saepe. Optio repudiandae blanditiis veniam exercitationem impedit harum. Ducimus voluptates sit earum et.',NULL,NULL,'1971-06-10 03:40:39','2014-06-12 04:49:33'),
('15','15','67','Voluptatem laudantium et quia ut.','Nesciunt veniam quo dolore eum laboriosam quasi. Rem sint est aut.',NULL,NULL,'1999-06-11 07:29:29','1990-04-07 04:05:46'),
('16','16','21','Voluptas atque ut molestiae reprehenderit nihil reiciendis voluptates blanditiis.','Consequatur molestiae velit consectetur aut. Corrupti voluptatem perferendis delectus aliquid quibusdam fugiat quis.',NULL,NULL,'1978-05-06 17:31:22','1999-05-08 11:55:51'),
('17','17','73','Quia veritatis maxime laboriosam cum et est itaque voluptates.','Saepe tenetur explicabo mollitia qui ducimus. Facere perferendis soluta error consequuntur. Dolorum asperiores tempore maiores repellat dignissimos quidem. Accusamus laboriosam perspiciatis non molestiae quae. Quae nesciunt ut magnam sint.',NULL,NULL,'1982-11-29 15:45:25','2016-12-31 15:41:28'),
('18','18','50','Unde maiores illo exercitationem ex pariatur et aperiam.','Adipisci deleniti mollitia quaerat nostrum rem dicta ab quia. Minima dolorum debitis cum officia ab accusamus autem. Alias inventore deserunt unde quibusdam molestiae velit quidem.',NULL,NULL,'2003-10-06 20:39:03','2018-04-13 18:41:12'),
('19','19','16','Nihil quaerat sit magni quia et id.','Dicta provident deserunt occaecati vitae. Quia dolorum et sunt consequatur repellendus. Commodi excepturi commodi ut tempore autem ea dolores.',NULL,NULL,'1998-05-24 11:00:54','1978-08-09 10:21:43'),
('20','20','86','Officiis repudiandae in error et illum.','Exercitationem perferendis est tenetur rerum aut. Laborum fugit ea magni adipisci fugit. Odio quod quidem reiciendis quis.',NULL,NULL,'1987-09-23 08:28:46','2017-04-01 19:39:58'),
('21','21','10','Amet architecto tempora omnis nostrum aut nemo voluptatum quis.','Optio inventore deleniti voluptates consequatur fugiat culpa. Repudiandae qui qui velit ipsum dolorem. Facere aut maxime pariatur ab consequatur ut.',NULL,NULL,'2004-04-03 19:21:54','2010-09-01 12:48:33'),
('22','22','79','Repudiandae maiores voluptas quaerat modi magni maxime earum.','Aut in commodi aut est nesciunt. Fugiat et nostrum quae qui suscipit unde magni. Aperiam voluptatem excepturi modi aut et eius. Aut quasi ea provident asperiores.',NULL,NULL,'2001-07-30 20:56:57','2008-01-12 06:52:14'),
('23','23','51','Molestiae quas et officia est.','Qui officia laborum soluta sed eaque rem nihil perferendis. Et praesentium qui quia cupiditate molestiae velit quibusdam distinctio. Dolorem nesciunt sit et voluptates non ut ut commodi. Quia rem explicabo et et.',NULL,NULL,'1993-05-23 07:24:30','1998-10-28 14:05:06'),
('24','24','45','Voluptatem pariatur veritatis non expedita et.','Quia facilis voluptatibus aut cumque. Illo reiciendis enim sed recusandae corporis fugit. Corrupti aliquam nulla est id.',NULL,NULL,'2014-05-10 20:08:24','2011-12-09 06:22:41'),
('25','25','11','Sunt sint enim asperiores sapiente minima maiores.','Ullam sint voluptates qui quia totam autem id. Et eius sit aliquam vel doloremque. Quisquam perferendis qui consequatur enim soluta.',NULL,NULL,'1997-02-21 04:13:42','1992-08-27 22:39:17'),
('26','26','7','Iusto enim ullam reprehenderit dolores sint aut saepe.','Maiores commodi tenetur ea officia aut et. Id est fugit quas architecto quibusdam. Qui doloremque voluptatem eum cum. Incidunt ducimus sed autem qui iusto et. Accusantium et aut eaque optio blanditiis.',NULL,NULL,'1987-01-15 11:18:38','1998-07-13 11:15:21'),
('27','27','59','Eum repellendus cupiditate praesentium omnis occaecati.','Autem aliquid sed corrupti odit. Quia aut quia adipisci dolorum repudiandae. Qui animi dolore recusandae sint.',NULL,NULL,'1978-04-14 19:05:48','1975-01-29 08:52:35'),
('28','28','49','Labore quo maiores porro sapiente ut nesciunt.','Voluptas nulla dolorem neque. Ut sint dolorum exercitationem iure. Dolore natus neque ea maxime mollitia. Maiores provident repellat at molestiae.',NULL,NULL,'1988-11-16 17:12:37','2019-09-12 14:16:23'),
('29','29','16','Sunt voluptatem sapiente delectus sapiente.','Temporibus consequatur iusto ad fugiat ut alias nihil. Maxime quae esse fugit non enim ullam. Nesciunt atque voluptatibus et sit ut. Accusamus ipsa sed quod qui pariatur dolore. Quo harum mollitia non.',NULL,NULL,'1998-10-08 03:58:56','2010-06-30 14:15:09'),
('30','30','49','Non perspiciatis maiores nesciunt nostrum ut ea doloribus.','Accusantium temporibus et iure qui voluptatem odio quia. Nam omnis suscipit explicabo magnam repellendus odio reiciendis. Pariatur optio aliquid omnis suscipit.',NULL,NULL,'1991-08-21 18:10:10','2015-03-31 11:05:43'),
('31','31','39','Consequatur velit et inventore eos perferendis.','Quasi ad deleniti voluptate enim tempore hic. Et delectus nam voluptates iure animi. Ullam qui molestiae nesciunt eos est ipsum incidunt sunt.',NULL,NULL,'1994-09-05 19:47:49','1987-02-12 00:45:20'),
('32','32','54','Ratione necessitatibus autem aliquid voluptas dolor autem eum eos.','Ad voluptas officia velit quidem dolores. Distinctio autem autem eum voluptatem rem doloribus molestiae nihil. Maxime nisi aut id et assumenda officia at.',NULL,NULL,'2019-05-03 19:03:32','2005-03-24 09:33:24'),
('33','33','48','Qui amet blanditiis nemo tempore ut sapiente.','Nostrum error inventore voluptas harum. Cum repudiandae laudantium eaque magnam odio qui. Blanditiis est ullam harum. Sed et in atque praesentium.',NULL,NULL,'1998-10-17 17:13:58','1972-03-18 00:23:13'),
('34','34','34','Et atque quia exercitationem aut dolor iure veniam.','Qui doloremque qui libero eum omnis. Minus quia voluptatem molestias possimus sunt sed. Blanditiis vel quibusdam aut amet praesentium velit. Ducimus non iure omnis fugiat.',NULL,NULL,'1991-04-16 03:03:36','2004-02-23 14:52:30'),
('35','35','63','Quod qui quos eaque qui a non aut.','Minus laboriosam beatae neque itaque provident. Eos amet sint beatae et. Sed labore est accusantium eaque.',NULL,NULL,'1977-04-15 04:59:22','1994-10-24 23:32:07'),
('36','36','44','Rerum rerum dignissimos ut aut autem.','Earum quas eum eos. Nihil vitae aut sit nemo aut optio. Recusandae omnis reprehenderit nihil qui mollitia.',NULL,NULL,'2007-08-13 13:26:26','1990-08-27 07:57:59'),
('37','37','17','Ut aliquid officiis distinctio fugit.','Qui dolores beatae voluptatibus repellendus provident harum alias. Modi officia assumenda repellat voluptatibus tempora. Unde non velit aut aut quos. Tempore voluptatibus eum consequatur in ut sint officiis.',NULL,NULL,'1989-03-02 22:08:07','1972-05-03 14:39:05'),
('38','38','80','Sunt dolor repellendus officia velit.','Qui at rerum qui nam. Corporis earum alias quae esse non eos et odit. Aut unde aspernatur repellat.',NULL,NULL,'1983-02-24 19:52:49','1980-11-07 15:21:44'),
('39','39','54','Fuga quidem expedita qui voluptatum ea porro.','Eius et modi dolor alias sed asperiores sunt. Eum vel quaerat et autem. Illo quidem dolore corporis dolore sit.',NULL,NULL,'2002-12-08 06:40:32','2006-03-08 00:43:28'),
('40','40','82','Nam commodi ipsam officiis cum neque optio dolorem.','Omnis pariatur harum expedita eos. Accusantium eligendi quam et nemo optio. Quia nisi et qui similique asperiores velit.',NULL,NULL,'2016-01-20 22:25:09','1977-10-11 23:05:47'),
('41','41','12','Corrupti recusandae ipsum tenetur quod velit architecto cumque.','Voluptatum veritatis suscipit voluptate qui consequatur. Asperiores qui unde minus ad. Quas nam impedit voluptatibus. Eos sit et nisi odit.',NULL,NULL,'2000-04-14 22:10:46','1996-03-25 09:59:07'),
('42','42','27','Voluptatibus corrupti voluptatem ipsam sed deleniti iusto.','Omnis minima sint qui velit ab nemo ipsam. Non est dolores ipsam dolores voluptates. Corporis et voluptates dolores voluptatem. Enim repellat mollitia nam praesentium suscipit earum.',NULL,NULL,'1976-11-03 18:37:06','2015-12-07 23:14:06'),
('43','43','26','Velit tenetur dolorem est itaque.','Dignissimos nemo facilis quos aliquid. Quod sint ipsum error voluptate rem. Perspiciatis aut ipsum maxime qui porro. Eveniet cumque voluptates nesciunt doloremque necessitatibus.',NULL,NULL,'1986-09-07 00:09:25','1979-10-07 22:02:22'),
('44','44','29','Quis ea sed et optio tempora laudantium.','Id voluptatem omnis ipsum aliquid. Atque sunt cupiditate labore mollitia eum neque molestiae facere. Quia non corporis quo. Atque enim est tenetur inventore esse blanditiis.',NULL,NULL,'1997-07-05 02:02:04','2009-03-21 07:59:49'),
('45','45','71','Ullam dolores explicabo error quod.','Est fugiat et minus voluptas. Optio facilis ut soluta vel. Voluptatem est ut aspernatur iste.',NULL,NULL,'1977-12-25 07:41:38','1979-02-08 08:48:24'),
('46','46','92','Assumenda velit repudiandae officia et velit necessitatibus assumenda.','Qui officia esse cupiditate aut voluptates. Repellendus dolores corrupti culpa dolorem quisquam sit. Consequuntur quam modi consequatur.',NULL,NULL,'2010-06-05 08:53:39','1990-12-23 19:51:31'),
('47','47','50','Repellat repudiandae adipisci dignissimos et unde commodi.','Voluptatem accusantium at totam in eveniet est impedit. Voluptas laudantium omnis nulla iste omnis culpa dolorem totam. Id maxime cumque eum eum nesciunt.',NULL,NULL,'1989-06-01 12:57:58','1972-06-29 21:00:26'),
('48','48','44','Numquam voluptatem accusantium autem id placeat.','Id quasi iusto hic. Ullam ipsa ut tempora nam ducimus. Ipsam voluptatem unde quo at et et.',NULL,NULL,'1980-02-23 22:38:59','2011-08-21 07:54:51'),
('49','49','42','Ipsam ipsam molestias vitae sunt harum in.','Quis vitae adipisci vel inventore quia. Alias vitae officiis reiciendis ut reiciendis illum. Soluta et non vel minus maxime atque sed. Error aut delectus odit tenetur.',NULL,NULL,'1977-09-30 13:45:02','2015-12-11 21:47:28'),
('50','50','65','Quis commodi sed eveniet et est nihil perspiciatis.','Sed iusto recusandae tempore molestiae maiores sint sit. Nam perferendis consequatur molestiae voluptatem possimus veniam non enim. Magni necessitatibus id consectetur molestiae ipsam. Est ullam qui dolore non.',NULL,NULL,'1978-03-30 13:30:38','1984-03-03 09:24:01'),
('51','51','29','Voluptates dicta aperiam aut ut.','Asperiores quia accusamus et aliquid quo. Est et odio aut corrupti. Deleniti provident consequuntur cumque quibusdam.',NULL,NULL,'1978-02-23 19:23:11','2018-06-27 06:42:49'),
('52','52','52','Esse vel et est ut aut et ea.','Blanditiis expedita hic minima aut recusandae consequatur. Dolores eligendi consequuntur iusto vel. Rem doloribus tempora expedita commodi. Autem quia non et ratione.',NULL,NULL,'1993-10-23 13:08:11','1978-09-24 06:27:35'),
('53','53','44','Praesentium aut id libero voluptates id.','Est quod provident quod voluptatum. Qui ab sed odio aperiam corrupti odit. Rerum aut sint tempora et qui est.',NULL,NULL,'2015-11-06 06:29:03','1991-04-01 20:21:01'),
('54','54','79','Sint laudantium et rerum suscipit quia.','Hic possimus eos et. Minima molestiae sint deserunt est exercitationem tempore. Quos quia a repellendus voluptatem enim autem. Corporis cupiditate rem dolorem consequatur dolores molestias.',NULL,NULL,'1978-08-24 12:31:50','2017-09-20 21:14:59'),
('55','55','96','Magnam consequuntur vel eum sunt reprehenderit.','Saepe qui alias atque recusandae quam quae molestiae labore. Quidem est quibusdam unde aut quis reprehenderit sit consequuntur. Eum voluptatem doloremque omnis veritatis et.',NULL,NULL,'2015-04-28 18:13:17','2008-06-19 13:42:19'),
('56','56','54','Amet distinctio et cum qui numquam ut explicabo.','At non voluptas quis sint dolor dolore. Incidunt quasi unde vel qui corporis. Neque dolores reiciendis velit corrupti qui ut vel optio. Temporibus et tenetur dignissimos eaque impedit et.',NULL,NULL,'2012-10-22 04:35:34','2018-01-19 12:19:02'),
('57','57','86','Ut dignissimos nihil adipisci sint voluptas doloremque corporis.','Consectetur qui sed non sint. Quae quaerat dolorum eum nihil nam est at. Repellendus et sit rerum aperiam deserunt. Porro quo error cumque a aut deserunt.',NULL,NULL,'1993-02-05 04:56:59','2005-08-27 14:56:03'),
('58','58','54','Consequatur debitis vitae in aut quaerat et.','Nemo sit est eos corrupti nihil. Eos rerum error non autem dolor. Et adipisci sit ut autem a in veritatis. Impedit vel aut et officia quod.',NULL,NULL,'1998-07-02 03:11:51','2005-12-05 19:20:52'),
('59','59','3','Dolor beatae in saepe at quos qui rerum nulla.','Deserunt aspernatur sit amet. Sequi tempora sit aspernatur omnis consequatur voluptas. Expedita est commodi est tenetur ad.',NULL,NULL,'1994-09-29 09:39:02','1971-08-23 12:12:48'),
('60','60','1','Nihil temporibus modi eligendi exercitationem expedita culpa.','Voluptatem dolorem dolor temporibus voluptas similique et voluptatem. Est quis sint distinctio quam accusamus. Iusto molestiae aliquid error iure est a animi.',NULL,NULL,'1989-04-07 01:41:06','1984-11-28 04:15:29'),
('61','61','3','At occaecati voluptas soluta optio hic.','Iusto sed ipsum doloremque molestias quisquam culpa id. Tempore nostrum atque consectetur neque. Aut quae labore magnam quibusdam temporibus. Id ab quia deleniti sint aut consequatur.',NULL,NULL,'1994-07-28 06:57:01','1970-06-23 20:16:43'),
('62','62','41','Qui fugiat vero sit ratione nemo at sed.','Dignissimos sed placeat aut temporibus sed culpa. Tempore dolorem dolorem enim consequatur optio. Et deserunt neque fuga quo voluptas ut. Labore fuga sunt ea commodi qui.',NULL,NULL,'2003-06-29 03:20:05','1986-07-16 08:53:01'),
('63','63','55','Velit et dolores labore et ut ad repellendus.','Optio illo inventore aut quis placeat minima. Laborum nobis corporis quia. Perspiciatis illum aut repellendus.',NULL,NULL,'1973-08-13 15:56:00','2019-07-22 22:01:07'),
('64','64','50','Nobis molestias temporibus quam repellendus quia.','Laborum voluptates magni asperiores non tempora autem tempore. Qui reprehenderit non dolor dolorum. Odit reprehenderit provident sunt et. Quia minus nostrum non atque in alias esse et. Qui delectus qui molestias rem voluptates ut.',NULL,NULL,'1974-01-30 19:51:15','2012-05-06 11:49:54'),
('65','65','74','Saepe voluptatem aspernatur repudiandae soluta voluptas quaerat nam.','Suscipit consequuntur rerum aut fuga. Veniam ut aut quo nulla reiciendis reiciendis ab. Repellat provident nulla dolorem aut.',NULL,NULL,'1988-02-02 10:10:10','2004-10-27 01:15:15'),
('66','66','18','Minus laboriosam atque porro et tempore.','Aut facere nihil eveniet dolores ipsam. Sint omnis voluptatem voluptatem quibusdam distinctio dolore. Cum dolores vitae blanditiis sint voluptas consequatur dicta.',NULL,NULL,'2000-07-21 16:06:05','2007-06-04 01:09:27'),
('67','67','94','Qui accusantium voluptatum itaque consequatur nemo.','Cumque dolorem rerum enim quae architecto commodi. Exercitationem eaque eum recusandae quaerat reiciendis odio. Est ut vel maiores architecto. Rerum tempora minus enim possimus aut at.',NULL,NULL,'2016-04-24 08:31:28','2015-02-13 20:27:21'),
('68','68','91','Amet quis culpa id voluptas.','Est ipsa sunt rerum neque nisi ut ullam. In consectetur unde quia voluptas deleniti voluptate ducimus. Corrupti odit dolor magni sed consequatur. Dolorem possimus ut reprehenderit adipisci ullam.',NULL,NULL,'2001-03-10 16:25:57','1988-10-13 17:29:17'),
('69','69','98','Sapiente sit consectetur cum totam est aut aliquam rerum.','Voluptas quia quae quia odit. Rem illum ipsa eaque commodi quasi hic ducimus. Ut distinctio blanditiis et et beatae.',NULL,NULL,'1979-01-20 19:16:27','2014-04-29 23:55:12'),
('70','70','48','Iste quis doloremque non perferendis odio.','Ad autem et vel odit aut eligendi. Aspernatur laudantium natus animi quia. Consequatur omnis corporis tempore inventore. Animi quidem autem ipsa atque ut est.',NULL,NULL,'1977-01-24 23:46:03','1983-12-11 19:52:17'),
('71','71','73','Ab enim reprehenderit rerum et aut non.','Ratione totam facilis explicabo dolorum libero. Autem incidunt ab exercitationem voluptas sequi quasi omnis consequatur. Rerum non similique et rerum ut eum.',NULL,NULL,'1999-09-30 01:26:19','2001-03-04 19:45:20'),
('72','72','9','A nemo fugiat aperiam repellendus inventore amet voluptas.','Sint ullam dolorem dolores omnis quisquam minus. Consequuntur hic quas tempore aut neque quam. Deleniti sed blanditiis eius laudantium eum eum illo. Ea voluptatem sit in alias veniam magnam.',NULL,NULL,'2018-01-01 22:02:33','1972-11-06 22:28:14'),
('73','73','74','Nisi eaque amet facilis inventore aut ipsa.','Non cum voluptas et repellendus omnis. Laudantium id quis nulla nihil aut. Et ut temporibus provident quia eum minima.',NULL,NULL,'1973-08-23 16:33:12','2014-08-16 04:58:46'),
('74','74','98','Veniam esse ut optio consequuntur nihil.','Et deserunt qui eos quam. Voluptatum vero dolorem ut veritatis eligendi autem non. Nihil modi vel vero odio illo quo ipsam. Quod praesentium aut est esse ut voluptas voluptate.',NULL,NULL,'2009-05-12 07:12:59','1984-09-12 18:16:12'),
('75','75','38','Ea consequatur blanditiis provident eveniet.','Aut quos aut non ipsum ea. Voluptatem et earum aspernatur ipsam. Et nam voluptatem non quidem autem nobis ab.',NULL,NULL,'1995-02-13 19:10:00','1972-02-22 13:49:13'),
('76','76','45','Sapiente expedita neque beatae ut neque reiciendis suscipit.','Doloremque qui nisi in quis aut sequi. Dolor dignissimos error sit aut. Eveniet et itaque aut voluptatum voluptatum nulla. Doloremque dolor molestiae praesentium fuga totam saepe possimus. Sit magnam voluptatem quibusdam error dolores dolores vero quae.',NULL,NULL,'2007-10-27 17:28:48','1981-08-23 02:46:40'),
('77','77','90','Autem molestiae consequatur et est molestiae nesciunt ratione.','Ut quibusdam cum recusandae asperiores maiores quis vel laboriosam. In vel quas ad odit quo. Voluptatibus libero cupiditate natus aperiam atque numquam. Laborum alias sit rem.',NULL,NULL,'1989-08-21 14:11:04','1971-07-19 02:51:50'),
('78','78','87','Consequuntur dolore enim eum.','Esse et harum illum voluptatem dolores ullam. Adipisci id qui voluptatem ullam. Ut excepturi aliquid nihil consectetur magni tempore ab placeat. Facere aut recusandae quo suscipit.',NULL,NULL,'1997-02-27 17:40:44','1991-03-08 14:33:17'),
('79','79','88','Voluptas ut tempora dolorem impedit.','Architecto earum laudantium in ea et optio modi. Ullam veniam sit in eaque laudantium veritatis et repellendus. Voluptas iste dolorem rem magni eum delectus perferendis.',NULL,NULL,'1994-12-23 00:40:48','2017-03-02 14:39:58'),
('80','80','31','Repellendus error sequi fuga molestiae voluptas et consequuntur.','Quidem magnam velit corrupti unde omnis quis dolores. Odit in facere commodi rerum corporis. Modi et ex repellat quae rerum.',NULL,NULL,'2010-05-15 00:54:42','1972-07-10 07:26:22'),
('81','81','51','Quasi sed maiores inventore nisi magnam doloribus voluptatum.','Fuga officia illum totam ab et pariatur laborum. Corrupti sapiente incidunt dolores dolorem molestiae. Sapiente et quo voluptates molestiae quae. Occaecati unde mollitia numquam vero aperiam saepe.',NULL,NULL,'1985-09-09 18:04:38','1985-03-28 20:09:45'),
('82','82','16','Expedita expedita officia illum commodi esse.','Delectus et rerum eius quia. Itaque voluptas modi totam dolores omnis. Vel quae atque animi ut impedit vel temporibus.',NULL,NULL,'1997-10-28 03:05:52','1997-12-22 09:04:13'),
('83','83','82','Facere adipisci quae minus suscipit omnis cumque quis.','Veniam accusamus et ea vel nobis molestiae omnis. Quibusdam illum aut fugit minima. Excepturi maxime culpa velit dolor necessitatibus et reprehenderit id.',NULL,NULL,'1999-06-29 10:59:48','1990-01-20 09:49:43'),
('84','84','94','Id quibusdam repellendus maiores dicta ipsam laboriosam.','Assumenda explicabo inventore ducimus qui molestiae nesciunt sequi. Tenetur totam qui aut id. Et repellat numquam nobis ipsam sunt delectus architecto totam. Quos numquam ducimus ullam.',NULL,NULL,'1984-12-23 21:11:20','2003-06-07 00:10:48'),
('85','85','95','Assumenda nihil nemo aut officiis non.','Et rerum laudantium deleniti alias illum aliquam. Officiis sapiente dolores non accusantium maiores ipsam. Quia perspiciatis ea nostrum facere sed. Asperiores dicta rerum dolor dignissimos molestiae quia.',NULL,NULL,'2008-04-25 19:42:00','2018-01-13 03:05:56'),
('86','86','78','Molestias eveniet ut reprehenderit ducimus qui quaerat.','Doloribus labore commodi velit occaecati sed dolor quibusdam. Ipsam qui veniam vel doloremque. Velit architecto alias quam. Qui a necessitatibus id quidem dolorem.',NULL,NULL,'1987-05-10 20:42:12','1993-08-03 14:34:26'),
('87','87','48','Neque ut ullam vel esse iure eos.','Veniam sed dolore perspiciatis fuga sint cum. Nulla soluta et molestias sit non ea. Consequatur eligendi similique et.',NULL,NULL,'1983-03-02 00:36:51','2011-04-09 19:36:02'),
('88','88','81','Iste sit omnis quidem libero.','Nihil quia dignissimos odit debitis fugiat molestias sed. Esse at ex omnis voluptas voluptatem. Corrupti a et ad illum.',NULL,NULL,'2003-12-10 03:40:24','1995-07-04 05:27:12'),
('89','89','31','Occaecati quos unde deleniti sunt velit.','Omnis debitis reiciendis sed itaque quia ullam quibusdam. In molestiae aut possimus possimus consectetur. Rem magni quae nemo. Culpa esse molestias sed inventore quasi impedit et error.',NULL,NULL,'1985-07-01 02:37:22','2019-05-20 04:33:01'),
('90','90','50','Possimus numquam nisi ut nihil modi quis.','Quia dignissimos minus quia quo provident sed. Dolorem quia perferendis asperiores. Blanditiis ducimus maxime in magnam consequatur. Quidem non iste aspernatur eum laborum.',NULL,NULL,'1989-02-01 15:06:58','1992-12-06 00:12:20'),
('91','91','82','Qui omnis rerum cupiditate quia.','Fuga sit aut distinctio et. Ut eum et ratione blanditiis ipsa maxime. Eos est neque veritatis aut. Rem nulla nam et dolor cupiditate. Excepturi qui cum ut quia ut.',NULL,NULL,'2013-02-18 14:17:29','1974-03-15 13:15:03'),
('92','92','34','Atque fuga error sint minus.','Dolor rerum eaque consequuntur ea error. Odio illo animi aliquam unde molestiae magnam ex voluptatem. Non harum repellendus autem ut et ipsum hic minima.',NULL,NULL,'1975-07-19 16:14:14','2008-05-30 12:34:42'),
('93','93','91','Eos et qui consequatur corporis sunt.','Natus repellat dolorem atque nulla inventore voluptas non. Sunt omnis qui doloribus nesciunt beatae dolorem eos aut. Aut tempora perferendis est sed. Neque corrupti aliquam esse dolores blanditiis quidem.',NULL,NULL,'2002-03-07 00:47:00','2014-12-07 22:47:09'),
('94','94','36','Sequi iste sequi cum est expedita ea.','Dolores amet voluptatibus officiis officiis expedita blanditiis qui alias. Accusamus veritatis tempora aut modi. Sunt molestias quo accusamus enim ab quo esse.',NULL,NULL,'2012-04-12 18:53:45','2003-08-28 17:38:59'),
('95','95','83','Alias sit temporibus suscipit dolor earum.','Aut porro quaerat impedit optio ut ut aliquam. Cupiditate modi quia in totam quaerat natus fuga. Est veritatis non dolorem. Fugiat sunt vel nesciunt et.',NULL,NULL,'2010-05-17 14:57:19','1986-02-09 11:11:53'),
('96','96','65','Voluptatibus aliquid itaque in ipsam.','Repellat architecto voluptas inventore corrupti quod. Nemo voluptatem porro quo veniam. Dolores occaecati assumenda quod nemo. Tenetur nihil dolores ut iste et vitae.',NULL,NULL,'2004-07-22 15:12:00','1990-03-28 21:29:25'),
('97','97','54','Voluptatem praesentium nesciunt vitae non iure.','Aperiam temporibus molestiae iste repellendus earum. Facilis nihil cumque et ipsum eos unde. Eaque iste nihil aut quaerat ut est atque deserunt. Quasi reprehenderit voluptate molestiae velit consequuntur eos eos. Quasi quibusdam aut est et quis aliquam.',NULL,NULL,'2010-01-16 01:08:03','2011-10-09 16:38:58'),
('98','98','77','Quae qui ut itaque voluptatum delectus voluptates quas.','Saepe rerum asperiores nihil earum et laudantium amet. Quos veritatis veniam dolor ducimus commodi id.',NULL,NULL,'1982-08-15 20:13:10','1982-01-31 10:32:33'),
('99','99','55','Nobis itaque adipisci corrupti eos numquam occaecati odit.','Nam commodi laborum ex tempore iure. Eum eos consequatur aut. Asperiores quisquam laboriosam voluptatum officia. Exercitationem tempora consequatur non possimus. Velit et dolorem rem.',NULL,NULL,'2011-11-10 12:16:05','2009-01-10 14:55:45'),
('100','100','51','Nam aut rem ab aut consequatur.','Ut cumque minima similique numquam aut. Quis dolor eos dolore omnis expedita expedita. Sunt quibusdam est qui voluptatem est iste. Perferendis eos consequatur iste esse id sapiente.',NULL,NULL,'1976-03-11 16:54:18','2005-04-10 22:47:02'); 


DROP TABLE IF EXISTS `profiles`;
CREATE TABLE `profiles` (
  `user_id` int(10) unsigned NOT NULL,
  `sex` char(1) COLLATE utf8_unicode_ci NOT NULL,
  `birthday` date DEFAULT NULL,
  `hometown` varchar(100) COLLATE utf8_unicode_ci DEFAULT NULL,
  `photo_id` int(10) unsigned NOT NULL,
  `region_id` int(10) unsigned DEFAULT NULL,
  PRIMARY KEY (`user_id`)
) ENGINE=InnoDB DEFAULT CHARSET=utf8 COLLATE=utf8_unicode_ci;

INSERT INTO `profiles` VALUES ('1','a','2008-07-14','South','0','1'),
('2','h','2009-02-23','South','1','2'),
('3','d','1984-10-24','New','2','3'),
('4','u','1999-03-09','New','3','4'),
('5','g','1995-03-03','South','4','5'),
('6','i','2002-03-30','East','5','6'),
('7','g','1983-08-25','North','6','7'),
('8','r','1991-05-16','East','7','8'),
('9','q','2019-06-06','New','8','9'),
('10','l','1988-08-31','South','9','10'),
('11','o','1996-01-17','Port','10','11'),
('12','w','1970-10-24','West','11','12'),
('13','p','2015-04-18','North','12','13'),
('14','g','1987-01-13','North','13','14'),
('15','g','1981-07-14','Port','14','15'),
('16','d','1971-02-14','South','17','16'),
('17','p','2016-06-04','New','19','17'),
('18','a','1973-11-13','North','20','18'),
('19','d','1998-12-18','Lake','21','19'),
('20','u','1993-01-22','East','22','20'),
('21','g','1995-12-20','West','23','21'),
('22','e','1993-05-04','South','25','22'),
('23','k','1972-08-03','South','26','23'),
('24','g','1992-10-15','South','27','24'),
('25','i','2011-03-20','East','28','25'),
('26','e','2004-03-01','Port','29','26'),
('27','n','1992-01-25','East','30','27'),
('28','m','1970-03-25','Port','31','28'),
('29','a','1991-11-06','North','32','29'),
('30','t','1991-11-16','West','33','30'),
('31','e','2010-01-16','Lake','35','31'),
('32','c','1998-10-16','South','36','32'),
('33','c','1985-10-05','New','38','33'),
('34','l','1983-10-07','South','39','34'),
('35','d','2015-06-12','New','41','35'),
('36','u','1994-08-25','East','43','36'),
('37','e','2004-08-19','Lake','44','37'),
('38','d','1988-11-10','South','45','38'),
('39','j','1991-06-13','North','46','39'),
('40','r','1999-05-18','North','47','40'),
('41','k','1981-05-14','New','48','41'),
('42','o','1979-11-06','South','50','42'),
('43','u','1992-04-02','West','51','43'),
('44','d','2011-11-01','West','52','44'),
('45','j','2003-04-30','New','53','45'),
('46','w','1994-11-20','New','54','46'),
('47','u','2010-12-16','East','55','47'),
('48','d','1977-11-20','Lake','56','48'),
('49','o','2008-08-27','East','57','49'),
('50','k','2002-11-02','South','59','50'),
('51','l','1983-03-31','Lake','63','51'),
('52','f','2007-02-12','North','64','52'),
('53','e','2013-08-01','North','65','53'),
('54','y','1994-11-15','East','66','54'),
('55','z','2006-07-15','North','67','55'),
('56','d','2012-12-19','East','68','56'),
('57','e','1980-05-21','North','70','57'),
('58','b','2003-09-05','North','71','58'),
('59','g','1993-08-13','New','72','59'),
('60','h','2000-07-12','East','73','60'),
('61','q','1993-12-14','North','75','61'),
('62','y','2018-09-24','New','76','62'),
('63','k','1980-12-25','West','77','63'),
('64','k','1974-04-07','Port','78','64'),
('65','i','1981-02-14','South','80','65'),
('66','x','1978-01-20','East','82','66'),
('67','g','2003-05-23','North','84','67'),
('68','r','2012-10-03','East','85','68'),
('69','j','2006-06-15','Lake','89','69'),
('70','z','1994-03-03','South','90','70'),
('71','c','2000-02-09','North','92','71'),
('72','m','1978-07-08','Lake','93','72'),
('73','j','1997-01-10','East','94','73'),
('74','o','1985-05-20','Lake','95','74'),
('75','w','2016-01-07','East','96','75'),
('76','o','1985-12-17','New','97','76'),
('77','d','1971-07-16','New','104','77'),
('78','u','1973-12-11','Port','109','78'),
('79','z','1981-01-07','Lake','115','79'),
('80','s','2000-11-25','Port','125','80'),
('81','v','2012-09-12','New','126','81'),
('82','f','2000-09-22','South','139','82'),
('83','y','2002-10-09','North','140','83'),
('84','u','2011-06-23','West','146','84'),
('85','q','2016-10-17','West','158','85'),
('86','a','1999-01-11','West','167','86'),
('87','i','1975-07-11','New','171','87'),
('88','z','1987-07-16','Port','184','88'),
('89','s','1998-08-28','West','187','89'),
('90','e','1987-07-25','West','189','90'),
('91','n','1996-07-18','North','199','91'),
('92','y','1981-05-15','Port','204','92'),
('93','s','1976-09-30','Lake','208','93'),
('94','q','1994-10-31','East','213','94'),
('95','s','1984-10-22','South','217','95'),
('96','n','1984-11-17','North','225','96'),
('97','z','1974-01-21','New','236','97'),
('98','z','1989-06-02','New','243','98'),
('99','o','1994-08-14','East','245','99'),
('100','k','1994-09-27','North','246','100'); 


DROP TABLE IF EXISTS `regions`;
CREATE TABLE `regions` (
  `id` int(10) unsigned NOT NULL AUTO_INCREMENT,
  `name` varchar(150) COLLATE utf8_unicode_ci NOT NULL,
  `parent_id` int(10) unsigned DEFAULT NULL,
  `code` int(11) DEFAULT NULL,
  `zip` int(11) DEFAULT NULL,
  `created_at` datetime DEFAULT current_timestamp(),
  `updated_at` datetime DEFAULT current_timestamp() ON UPDATE current_timestamp(),
  PRIMARY KEY (`id`)
) ENGINE=InnoDB AUTO_INCREMENT=101 DEFAULT CHARSET=utf8 COLLATE=utf8_unicode_ci;

INSERT INTO `regions` VALUES ('1','quia',NULL,'0',NULL,'2006-09-27 17:50:40','2017-06-21 16:04:15'),
('2','accusamus',NULL,'0',NULL,'2014-05-22 06:45:43','1980-12-26 01:49:01'),
('3','sed',NULL,'0',NULL,'1980-09-01 07:44:32','1987-02-23 06:46:45'),
('4','est',NULL,'0',NULL,'1999-05-26 03:45:32','2004-08-02 15:46:15'),
('5','natus',NULL,'0',NULL,'1984-12-09 09:36:46','1994-03-23 16:05:11'),
('6','ut',NULL,'0',NULL,'1997-02-27 19:19:31','2007-06-08 20:56:48'),
('7','quisquam',NULL,'0',NULL,'1972-06-02 09:12:12','1981-02-26 08:07:45'),
('8','at',NULL,'0',NULL,'1975-11-05 21:19:48','2019-02-24 22:21:04'),
('9','tenetur',NULL,'0',NULL,'1996-07-19 20:03:57','2007-02-03 08:14:40'),
('10','porro',NULL,'0',NULL,'1971-05-04 22:31:22','2000-01-07 15:38:52'),
('11','ut',NULL,'0',NULL,'1990-12-22 08:01:38','1990-11-14 02:42:01'),
('12','tempora',NULL,'0',NULL,'1973-01-09 23:26:38','1991-08-04 10:42:34'),
('13','totam',NULL,'0',NULL,'2015-07-28 22:40:20','2012-09-28 03:18:48'),
('14','voluptatem',NULL,'0',NULL,'1975-01-13 15:12:34','2015-08-28 14:33:25'),
('15','et',NULL,'0',NULL,'1976-12-23 20:13:01','1991-10-18 17:29:11'),
('16','laborum',NULL,'0',NULL,'2009-10-29 05:09:23','2004-04-04 02:32:36'),
('17','vel',NULL,'0',NULL,'1984-05-29 14:10:50','1995-04-17 14:57:47'),
('18','qui',NULL,'0',NULL,'1982-10-06 10:21:09','2017-02-11 10:47:22'),
('19','alias',NULL,'0',NULL,'2015-10-13 18:28:34','2008-04-12 01:15:00'),
('20','harum',NULL,'0',NULL,'2017-01-27 10:38:40','1979-09-08 20:18:51'),
('21','aut',NULL,'0',NULL,'2004-10-12 20:37:19','1989-10-20 03:09:02'),
('22','commodi',NULL,'0',NULL,'1974-06-29 09:23:40','2017-12-27 07:49:42'),
('23','temporibus',NULL,'0',NULL,'1998-03-16 17:50:36','1982-03-11 02:43:43'),
('24','explicabo',NULL,'0',NULL,'1974-03-15 18:51:57','1991-05-11 23:02:24'),
('25','aliquid',NULL,'0',NULL,'2007-08-09 19:49:25','2001-10-31 00:27:50'),
('26','ducimus',NULL,'0',NULL,'2001-07-20 18:02:08','1993-03-04 18:00:39'),
('27','sunt',NULL,'0',NULL,'2003-01-08 09:06:07','1974-05-20 18:35:38'),
('28','esse',NULL,'0',NULL,'1974-03-27 19:07:24','1976-03-03 07:55:32'),
('29','unde',NULL,'0',NULL,'1973-03-05 11:23:21','2011-07-29 04:30:20'),
('30','ab',NULL,'0',NULL,'1974-08-19 20:02:42','1991-02-15 06:51:12'),
('31','atque',NULL,'0',NULL,'2003-06-15 18:33:17','1986-06-14 10:34:27'),
('32','sequi',NULL,'0',NULL,'1999-04-06 01:14:09','1972-03-26 19:52:33'),
('33','nisi',NULL,'0',NULL,'2010-03-13 16:44:26','1976-10-03 05:30:07'),
('34','autem',NULL,'0',NULL,'2002-04-20 09:14:21','2001-03-23 11:54:05'),
('35','provident',NULL,'0',NULL,'1992-07-31 09:36:00','2011-05-25 19:24:39'),
('36','id',NULL,'0',NULL,'1998-08-18 05:24:14','1981-03-01 05:13:44'),
('37','beatae',NULL,'0',NULL,'1972-02-19 06:24:54','1999-09-01 16:44:10'),
('38','quidem',NULL,'0',NULL,'1988-04-24 15:29:06','2009-11-17 10:18:00'),
('39','similique',NULL,'0',NULL,'2001-05-03 16:49:54','2015-08-15 00:34:57'),
('40','fuga',NULL,'0',NULL,'1980-09-02 10:36:47','1980-12-18 16:01:18'),
('41','et',NULL,'0',NULL,'1985-09-14 23:45:36','2002-08-12 19:54:40'),
('42','fuga',NULL,'0',NULL,'1984-04-02 17:02:18','2001-07-25 12:01:21'),
('43','quis',NULL,'0',NULL,'2006-09-20 03:56:49','2014-03-27 01:52:14'),
('44','recusandae',NULL,'0',NULL,'1979-03-17 20:53:56','1992-05-16 10:39:42'),
('45','qui',NULL,'0',NULL,'2005-12-28 00:59:13','2000-01-04 09:02:47'),
('46','dolore',NULL,'0',NULL,'2002-08-31 14:26:33','1988-06-25 10:50:32'),
('47','recusandae',NULL,'0',NULL,'2010-06-21 17:28:05','2019-06-16 07:34:02'),
('48','assumenda',NULL,'0',NULL,'2018-09-27 15:25:51','2017-02-06 23:52:03'),
('49','sint',NULL,'0',NULL,'1986-08-22 13:05:36','1988-04-13 13:59:32'),
('50','asperiores',NULL,'0',NULL,'1989-11-04 17:21:49','2001-05-25 05:30:29'),
('51','nihil',NULL,'0',NULL,'1990-04-01 21:29:20','1982-10-02 07:53:11'),
('52','reprehenderit',NULL,'0',NULL,'1996-01-06 01:11:13','1973-11-10 01:50:51'),
('53','animi',NULL,'0',NULL,'2009-03-09 10:58:48','1979-08-28 10:50:24'),
('54','quasi',NULL,'0',NULL,'1987-06-22 14:53:02','1983-02-09 02:50:59'),
('55','atque',NULL,'0',NULL,'1973-05-12 12:55:45','1990-05-09 09:00:38'),
('56','possimus',NULL,'0',NULL,'1981-10-30 22:59:35','2002-12-17 11:25:02'),
('57','est',NULL,'0',NULL,'2014-11-13 01:26:45','1970-08-25 17:33:28'),
('58','nulla',NULL,'0',NULL,'1979-05-05 11:38:55','1977-01-15 07:25:54'),
('59','vero',NULL,'0',NULL,'2006-03-17 11:39:19','1988-03-25 20:25:06'),
('60','incidunt',NULL,'0',NULL,'1974-04-01 12:17:21','2008-05-18 19:33:57'),
('61','sed',NULL,'0',NULL,'1994-08-23 17:13:58','1978-01-03 06:03:45'),
('62','totam',NULL,'0',NULL,'1977-09-27 04:41:17','1971-06-17 05:29:02'),
('63','eius',NULL,'0',NULL,'2014-06-17 07:48:11','1995-05-23 16:54:41'),
('64','facere',NULL,'0',NULL,'2006-06-01 07:00:41','1982-01-03 10:38:48'),
('65','quisquam',NULL,'0',NULL,'2018-10-13 20:37:00','1979-03-15 09:25:33'),
('66','eos',NULL,'0',NULL,'1987-06-05 02:16:25','1990-09-23 08:05:22'),
('67','laudantium',NULL,'0',NULL,'2000-11-05 17:35:32','2007-03-09 03:13:56'),
('68','dolor',NULL,'0',NULL,'1977-12-24 00:57:13','1989-07-18 00:21:48'),
('69','corporis',NULL,'0',NULL,'1992-12-04 15:49:13','1998-10-27 03:46:27'),
('70','aspernatur',NULL,'0',NULL,'2006-10-11 23:13:57','2001-09-30 22:10:56'),
('71','tenetur',NULL,'0',NULL,'1998-03-19 01:26:37','1985-01-22 17:58:03'),
('72','id',NULL,'0',NULL,'1984-02-11 01:58:15','1990-04-13 06:54:13'),
('73','possimus',NULL,'0',NULL,'1997-05-03 02:09:06','1991-02-15 20:32:44'),
('74','est',NULL,'0',NULL,'2011-10-18 20:38:09','1992-02-12 15:34:13'),
('75','nulla',NULL,'0',NULL,'1973-12-12 05:23:19','1977-04-13 00:32:27'),
('76','et',NULL,'0',NULL,'1985-02-18 10:25:57','1988-06-18 08:53:27'),
('77','tempore',NULL,'0',NULL,'1974-09-22 02:02:17','2003-04-05 14:11:20'),
('78','aliquam',NULL,'0',NULL,'1972-02-25 09:52:29','1994-09-21 22:58:47'),
('79','praesentium',NULL,'0',NULL,'1994-07-22 17:43:46','1980-06-16 08:40:44'),
('80','voluptatem',NULL,'0',NULL,'1984-01-13 23:00:38','1988-04-20 15:34:03'),
('81','quia',NULL,'0',NULL,'1971-08-14 17:39:25','2012-05-14 09:21:25'),
('82','perspiciatis',NULL,'0',NULL,'1973-11-25 22:36:23','2013-09-26 04:34:24'),
('83','rerum',NULL,'0',NULL,'1976-11-16 10:19:41','1980-02-23 06:31:55'),
('84','totam',NULL,'0',NULL,'1990-10-25 03:07:45','2000-12-25 22:35:33'),
('85','molestias',NULL,'0',NULL,'2001-01-15 00:28:57','2009-06-25 14:44:49'),
('86','accusamus',NULL,'0',NULL,'1988-11-06 06:58:47','1979-08-15 12:36:50'),
('87','amet',NULL,'0',NULL,'2001-02-24 17:35:59','1985-07-14 11:04:18'),
('88','sit',NULL,'0',NULL,'1970-09-23 01:54:30','2008-04-21 18:42:44'),
('89','temporibus',NULL,'0',NULL,'2016-06-12 10:14:54','2015-06-11 23:41:30'),
('90','enim',NULL,'0',NULL,'1988-10-08 02:38:39','2008-01-19 21:43:58'),
('91','mollitia',NULL,'0',NULL,'2010-09-28 02:32:02','1995-01-10 23:41:22'),
('92','nemo',NULL,'0',NULL,'1986-03-14 23:00:26','1975-01-24 10:49:51'),
('93','quam',NULL,'0',NULL,'1997-11-26 06:03:41','2001-10-08 08:18:18'),
('94','enim',NULL,'0',NULL,'2018-02-15 11:28:12','2006-07-27 12:39:30'),
('95','et',NULL,'0',NULL,'1971-06-09 13:21:46','1986-11-05 09:24:33'),
('96','sit',NULL,'0',NULL,'2010-06-21 07:45:40','2018-07-27 11:37:09'),
('97','vero',NULL,'0',NULL,'2012-04-29 01:37:45','2004-03-15 10:45:26'),
('98','perspiciatis',NULL,'0',NULL,'1988-09-24 08:23:37','1986-04-01 10:56:12'),
('99','accusamus',NULL,'0',NULL,'1989-03-25 00:31:01','2007-10-01 00:44:26'),
('100','distinctio',NULL,'0',NULL,'2005-05-07 10:11:21','1979-09-08 10:23:40'); 


DROP TABLE IF EXISTS `target_types`;
CREATE TABLE `target_types` (
  `id` int(10) unsigned NOT NULL AUTO_INCREMENT,
  `name` varchar(255) COLLATE utf8_unicode_ci NOT NULL,
  `created_at` datetime DEFAULT current_timestamp(),
  PRIMARY KEY (`id`),
  UNIQUE KEY `name` (`name`)
) ENGINE=InnoDB AUTO_INCREMENT=101 DEFAULT CHARSET=utf8 COLLATE=utf8_unicode_ci;

INSERT INTO `target_types` VALUES ('1','odio','2002-04-14 06:48:26'),
('2','officia','2008-06-30 18:26:40'),
('3','nisi','1974-06-15 06:46:37'),
('4','molestiae','1972-11-09 01:09:30'),
('5','ipsam','1988-05-05 14:09:05'),
('6','natus','1975-05-20 04:16:14'),
('7','est','1983-12-07 05:00:03'),
('8','vero','2013-09-25 20:16:26'),
('9','voluptatem','1974-06-25 19:21:01'),
('10','rerum','1973-07-28 14:03:45'),
('11','sunt','1996-06-16 01:36:37'),
('12','eum','2005-04-05 03:50:20'),
('13','quibusdam','1992-12-23 04:11:43'),
('14','porro','1981-08-02 02:39:38'),
('15','sit','1990-12-03 20:38:55'),
('16','consequatur','2017-09-16 11:09:14'),
('17','et','1979-09-30 05:03:48'),
('18','voluptas','1993-03-16 23:27:42'),
('19','quidem','1980-04-14 20:52:22'),
('20','asperiores','2017-02-13 10:05:24'),
('21','quaerat','2014-04-05 21:34:54'),
('22','sint','1993-08-26 19:25:21'),
('23','ea','1976-09-30 13:12:51'),
('24','tenetur','2007-10-23 14:33:25'),
('25','in','2014-05-26 23:04:07'),
('26','libero','1997-10-15 20:37:38'),
('27','magnam','1988-08-25 22:00:14'),
('28','ut','2011-10-24 16:41:55'),
('29','amet','2008-05-26 15:13:42'),
('30','occaecati','1974-04-22 06:16:55'),
('31','a','1977-12-14 21:29:51'),
('32','tempore','1970-08-28 22:45:47'),
('33','error','2011-12-12 10:08:54'),
('34','ex','1974-09-09 04:22:24'),
('35','temporibus','1989-02-27 07:07:07'),
('36','qui','1986-12-22 10:21:48'),
('37','aliquid','1974-07-21 05:04:28'),
('38','beatae','2011-12-16 06:12:04'),
('39','eaque','1998-10-03 20:08:16'),
('40','atque','1996-10-22 14:41:05'),
('41','iure','1999-12-23 16:16:06'),
('42','id','1971-02-08 20:50:39'),
('43','reprehenderit','1971-05-04 22:31:53'),
('44','corporis','1984-12-27 23:57:45'),
('45','non','2002-09-08 11:32:11'),
('46','fuga','1987-09-04 00:38:13'),
('47','labore','2018-06-13 14:40:35'),
('48','ullam','1971-05-14 22:04:45'),
('49','quia','1982-10-22 17:37:23'),
('50','cupiditate','1971-08-25 08:58:32'),
('51','aspernatur','1972-05-03 16:58:48'),
('52','repellendus','2004-01-13 15:35:08'),
('53','sequi','2018-01-17 18:48:13'),
('54','soluta','2016-02-21 19:07:32'),
('55','voluptatibus','2009-08-13 23:36:08'),
('56','dignissimos','1983-11-10 12:37:50'),
('57','aut','1979-03-16 11:02:12'),
('58','cum','1999-05-06 17:15:57'),
('59','aliquam','1984-11-19 08:28:45'),
('60','repudiandae','1999-11-25 16:28:52'),
('61','commodi','1975-03-26 19:18:09'),
('62','mollitia','1977-06-05 01:24:43'),
('63','deleniti','1971-03-30 15:16:38'),
('64','quisquam','1970-08-13 20:03:48'),
('65','doloremque','2011-08-13 16:10:30'),
('66','animi','2006-02-03 01:14:52'),
('67','blanditiis','1978-02-28 11:28:10'),
('68','nobis','2016-08-23 23:37:54'),
('69','eos','2014-10-23 22:46:22'),
('70','dolorem','2017-07-30 19:57:28'),
('71','provident','2011-05-11 17:16:49'),
('72','dolorum','1989-03-05 05:23:45'),
('73','explicabo','1977-09-08 00:10:45'),
('74','necessitatibus','2002-10-28 20:38:52'),
('75','dolore','1977-03-04 17:11:52'),
('76','voluptatum','1991-02-18 05:51:01'),
('77','aperiam','1995-08-31 20:44:09'),
('78','eius','2017-07-29 01:59:02'),
('79','ipsa','2016-02-10 02:26:35'),
('80','perferendis','2016-01-15 01:08:49'),
('81','placeat','1972-06-15 17:02:50'),
('82','omnis','2006-01-02 05:34:27'),
('83','accusantium','1986-05-29 01:22:51'),
('84','molestias','1992-11-02 20:49:10'),
('85','nemo','1977-09-06 19:49:30'),
('86','autem','2002-02-24 05:31:39'),
('87','facere','1991-12-11 02:59:25'),
('88','ratione','1974-07-06 05:31:17'),
('89','praesentium','2013-06-23 21:50:10'),
('90','quas','2012-11-04 13:20:20'),
('91','illo','2002-06-02 23:47:19'),
('92','laudantium','1994-02-12 06:39:22'),
('93','ad','2010-05-24 06:02:11'),
('94','quos','1983-10-11 05:24:53'),
('95','iusto','2008-07-25 09:01:47'),
('96','similique','1978-11-18 07:35:24'),
('97','modi','1978-10-21 16:15:22'),
('98','unde','2005-10-29 17:16:45'),
('99','consequuntur','1971-01-10 11:17:10'),
('100','vel','2000-10-16 16:17:22'); 


DROP TABLE IF EXISTS `users`;
CREATE TABLE `users` (
  `id` int(10) unsigned NOT NULL AUTO_INCREMENT,
  `first_name` varchar(100) COLLATE utf8_unicode_ci NOT NULL,
  `last_name` varchar(100) COLLATE utf8_unicode_ci NOT NULL,
  `email` varchar(120) COLLATE utf8_unicode_ci NOT NULL,
  `phone` varchar(120) COLLATE utf8_unicode_ci NOT NULL,
  `created_at` datetime DEFAULT current_timestamp(),
  `updated_at` datetime DEFAULT current_timestamp() ON UPDATE current_timestamp(),
  PRIMARY KEY (`id`),
  UNIQUE KEY `email` (`email`),
  UNIQUE KEY `phone` (`phone`)
) ENGINE=InnoDB AUTO_INCREMENT=1001 DEFAULT CHARSET=utf8 COLLATE=utf8_unicode_ci;

INSERT INTO `users` VALUES ('1','Brooke','Predovic','zschimmel@example.org','(351)609-6754','2015-12-15 11:35:18','2014-02-21 14:48:47'),
('2','Clinton','Gaylord','abbie38@example.org','745.826.0961x0629','1977-05-25 19:09:11','2000-02-06 06:55:17'),
('3','Emilia','Casper','elueilwitz@example.com','1-515-347-8279','1977-05-11 21:11:37','1989-08-01 03:36:15'),
('4','Richmond','Wehner','kris.marcia@example.org','827.504.9135','2015-05-23 23:35:31','1974-12-05 12:50:26'),
('5','Elisabeth','Russel','wschimmel@example.com','769.869.6815','2017-06-15 12:23:43','1978-12-03 09:21:02'),
('6','Jon','Wisoky','maximo83@example.org','342-101-0746x9957','2009-10-01 12:05:42','2014-03-08 21:30:42'),
('7','Noemi','Blick','derick82@example.net','1-308-196-9956x202','1972-03-11 01:43:17','2004-02-14 09:45:02'),
('8','Rylan','Moore','virginia.mueller@example.com','04756696717','2009-01-14 03:10:24','1994-09-22 03:31:12'),
('9','Jerod','Wolf','gabrielle88@example.net','042.638.0372x912','1975-12-26 01:25:33','1981-03-04 18:32:08'),
('10','Vicky','Kilback','gust21@example.org','846.570.8841x25996','1981-09-11 06:57:53','2006-02-12 18:02:01'),
('11','Cleta','Heidenreich','bruecker@example.org','506-451-2502','2000-02-25 04:54:22','1975-05-31 19:01:47'),
('12','Woodrow','Johns','carmine74@example.net','(553)757-4585x662','2010-09-11 17:41:23','1992-02-06 21:47:06'),
('13','Magdalena','Spinka','rebeka.dickinson@example.org','830-154-2302x32212','1991-12-01 18:51:14','1992-10-17 12:05:22'),
('14','Carolanne','Labadie','stephania.hahn@example.org','1-123-950-9996x79215','1989-05-26 05:27:18','1979-07-16 02:22:47'),
('15','Leonie','Bednar','tconnelly@example.com','923.569.3429x7817','2012-05-27 06:46:12','1995-09-13 15:44:23'),
('16','Shannon','Connelly','howell.dominic@example.net','1-088-990-2532','1986-03-03 00:16:19','1982-05-21 20:43:28'),
('17','Douglas','Daugherty','bobbie76@example.com','1-256-619-5125x434','2008-06-20 06:03:57','1990-04-19 06:01:04'),
('18','Sarai','Rosenbaum','kasandra34@example.org','188-289-7845','2001-04-01 19:03:46','1991-09-20 09:22:06'),
('19','Chester','Mosciski','hackett.alexandrine@example.org','394-934-2233x98079','1996-08-07 05:57:57','2003-10-02 11:19:22'),
('20','Lydia','Prohaska','dayna.reichert@example.org','1-433-578-8642x28059','1999-04-01 00:03:32','1979-11-25 22:28:51'),
('21','Marilou','Kuhn','glennie.von@example.com','(132)770-6074x1207','1995-07-09 00:23:39','1977-11-30 14:17:29'),
('22','Jaquelin','Hills','beahan.precious@example.org','716.590.9676','1995-06-24 18:31:15','1988-05-12 11:49:56'),
('23','Mossie','Hauck','owen.kuvalis@example.net','1-146-628-6234','1996-01-10 19:03:44','1972-01-03 22:51:24'),
('24','Guiseppe','Rath','zdicki@example.net','(271)707-1041x92848','1976-07-30 12:06:51','1985-02-16 08:13:24'),
('25','Sienna','Morissette','aurore.kiehn@example.net','916-910-3361','1996-11-29 02:41:26','1974-08-27 19:58:50'),
('26','Mable','Parisian','marjorie.eichmann@example.net','1-676-466-8754','1994-10-27 00:37:24','1979-03-16 07:29:01'),
('27','Ralph','Morissette','rowe.abigail@example.org','+58(1)0838978987','2018-04-25 01:42:20','2014-11-21 14:31:52'),
('28','Javier','Powlowski','amelie.hane@example.org','706.264.3066x7900','1974-08-22 11:36:43','1985-02-07 04:02:03'),
('29','Angelo','Anderson','jdaugherty@example.net','(943)829-4860','1987-03-06 04:56:21','1999-06-29 10:24:47'),
('30','Hardy','McLaughlin','rosamond05@example.com','(103)203-7189x82666','2019-04-12 20:57:08','1993-07-01 04:36:19'),
('31','Micah','Effertz','nasir.gislason@example.com','435.678.5154','1990-01-27 23:26:30','1993-05-09 23:09:32'),
('32','Veronica','Muller','hahn.naomie@example.org','08447235153','1980-07-26 11:15:11','2015-10-04 23:31:26'),
('33','Cory','Zemlak','cole.jacques@example.net','117.960.0203x825','1979-04-07 15:40:47','1978-11-10 18:22:37'),
('34','Jasen','Mayert','ashlee.swift@example.com','620.326.3173','1989-07-13 08:04:02','2000-01-20 12:48:10'),
('35','Flavie','Gibson','zcartwright@example.com','07551977509','1985-09-25 15:50:31','1979-06-09 14:32:18'),
('36','Rosendo','Emmerich','edd.heaney@example.com','(855)413-1027','2002-07-11 03:06:23','2004-10-16 09:00:39'),
('37','Yesenia','Homenick','schroeder.madelyn@example.org','1-424-049-8128','1999-03-27 00:11:43','1974-05-09 15:44:58'),
('38','Gabriella','Brakus','bryon.lemke@example.net','(982)021-7388x7863','2010-11-29 02:24:08','2018-05-09 09:41:20'),
('39','Kellie','Daugherty','abbott.alfreda@example.net','09402356565','2012-10-07 19:54:57','1990-12-23 04:02:29'),
('40','Eunice','Wunsch','ziemann.name@example.org','+01(0)6022131637','2001-09-22 21:27:07','1996-01-03 18:54:12'),
('41','Sally','Lesch','mueller.roxanne@example.com','012.274.2912x0528','2000-11-06 04:52:55','2013-06-10 19:35:06'),
('42','Graham','Kihn','umayert@example.com','1-502-453-1711','2017-10-22 04:09:04','1977-04-19 11:15:10'),
('43','Oma','Homenick','julian.cummerata@example.net','(007)690-9349x15841','2002-08-26 23:15:43','2000-10-27 10:55:06'),
('44','Jessy','Russel','tiara.haley@example.com','056.890.6388x58175','1997-03-26 15:44:12','1993-04-10 00:41:06'),
('45','Janet','Kihn','ohoeger@example.org','352.969.6179','2011-05-01 17:42:15','1974-07-13 03:01:48'),
('46','Isom','Okuneva','elinor20@example.net','438-747-2046','2018-02-05 16:10:57','1982-01-13 12:56:08'),
('47','Sage','Quigley','rutherford.era@example.net','04793453161','2015-04-19 16:45:54','1985-07-16 20:23:08'),
('48','Jermey','Tillman','ngreenfelder@example.net','521-444-1396','1974-02-07 13:24:32','2004-05-28 09:07:24'),
('49','Samson','Schimmel','dannie88@example.net','097.706.9278x967','1979-12-01 11:05:10','2018-04-30 22:46:02'),
('50','Delia','Walter','carmela84@example.com','1-343-180-2800x922','1973-06-27 21:35:16','2013-11-19 19:20:33'),
('51','Aletha','Lakin','jillian41@example.net','1-782-971-1987x7357','2016-06-07 01:17:45','1974-03-09 17:18:09'),
('52','Adelbert','Sanford','wellington.abbott@example.com','(685)830-4250x6720','1971-04-15 20:09:18','2014-08-06 10:00:44'),
('53','Grady','Wolff','murphy.kris@example.net','1-114-259-9641','1980-10-03 01:32:01','1998-11-15 12:25:16'),
('54','Zetta','Thompson','turner41@example.org','1-929-668-4193x1349','1983-12-31 03:14:36','1971-08-06 01:57:49'),
('55','Andres','Daugherty','senger.janiya@example.org','1-280-289-8665x7194','2003-05-05 00:11:40','2013-12-06 22:28:31'),
('56','Hal','Bergnaum','edison42@example.org','1-898-104-7520','1989-06-14 11:26:48','2016-01-15 00:24:47'),
('57','Shayna','Cole','jonathan83@example.com','(577)904-3948x360','1993-01-04 05:53:01','1991-03-02 21:05:50'),
('58','Heather','Bernhard','moses20@example.com','1-396-228-1257','2009-06-19 09:51:55','1981-09-27 04:40:19'),
('59','Sallie','Kautzer','beffertz@example.com','593.546.5776','2015-02-01 07:19:00','2005-07-02 00:32:58'),
('60','Roscoe','Corkery','liam60@example.net','734.073.1591x040','2009-02-04 20:36:24','1997-06-18 12:33:19'),
('61','Evalyn','Stokes','jarod.zboncak@example.net','833-428-2049','1994-09-06 13:18:34','1994-07-15 06:57:31'),
('62','Carolanne','Rowe','oquigley@example.com','1-755-567-9943x0926','2011-03-24 17:00:13','1986-11-29 04:41:50'),
('63','Lisette','Bayer','theron01@example.com','217.595.1490x76701','2005-07-16 10:56:41','1996-05-05 05:09:33'),
('64','Delphine','Hamill','vhoeger@example.com','(385)584-3640x9068','1990-06-13 07:52:37','1974-07-25 08:59:57'),
('65','Garrett','McKenzie','napoleon.tromp@example.org','398.705.0076x029','1990-08-24 04:45:13','2007-03-21 00:10:09'),
('66','Jayme','Runolfsson','eleannon@example.net','1-018-212-0237x749','2003-05-28 11:27:20','1996-05-22 21:04:15'),
('67','Eldridge','Goyette','gutkowski.cordelia@example.org','+97(1)0196854258','1999-03-31 01:48:40','2000-08-24 12:36:00'),
('68','Garnet','Thompson','xprohaska@example.net','1-425-631-1220','1978-05-22 00:04:27','2017-08-11 04:26:56'),
('69','Fatima','Quitzon','wuckert.annabelle@example.net','(346)871-3735','2001-03-23 00:27:50','1977-10-15 08:56:24'),
('70','Ronny','Paucek','erdman.loraine@example.org','095.968.8188','1974-03-27 02:37:07','1992-10-03 16:29:40'),
('71','Alexane','Conn','roslyn.mckenzie@example.com','(007)382-2073x2709','2015-11-07 04:11:52','2013-12-12 14:15:24'),
('72','Kailyn','Cronin','hhackett@example.com','1-264-122-8512x624','2016-11-20 20:54:06','1972-04-07 01:36:30'),
('73','Caitlyn','Armstrong','bchamplin@example.org','1-272-100-4047x782','1970-08-17 18:28:56','1984-02-03 08:32:31'),
('74','Coby','Macejkovic','erin33@example.net','158.706.9830','1994-03-20 21:02:24','2010-03-13 23:36:11'),
('75','Oliver','Schaden','hsimonis@example.org','1-446-589-5762x1380','2000-06-12 04:20:56','2010-11-07 23:09:04'),
('76','Angelo','Keebler','annabell.gusikowski@example.net','+72(0)3255799419','2010-08-15 07:40:32','2014-03-08 08:12:37'),
('77','Nona','Stamm','swalter@example.net','920.995.5907','2017-11-07 19:07:28','2017-04-11 20:49:57'),
('78','Abraham','Pfannerstill','caleb16@example.net','957-057-0926x368','2005-05-10 12:23:17','1991-01-08 20:35:54'),
('79','Malachi','Greenholt','edyth74@example.com','842-213-6722','1971-04-08 16:16:40','2002-12-10 20:59:19'),
('80','Javon','Sipes','ubins@example.com','1-082-420-2589','2004-05-03 09:01:13','1987-11-11 00:29:50'),
('81','Elenor','Armstrong','archibald57@example.net','206-095-1115x609','1991-03-01 11:58:46','2013-07-22 11:53:00'),
('82','Libbie','Hudson','richie.ullrich@example.com','1-218-750-6394x502','1972-11-18 07:10:10','1986-12-07 11:05:28'),
('83','Lavern','Williamson','julia17@example.net','1-401-460-3789x237','1973-09-22 05:29:02','2012-02-21 07:09:26'),
('84','Narciso','Howe','effertz.gerald@example.net','05392124500','1995-11-19 00:53:39','1994-07-02 14:04:11'),
('85','Rodrigo','McKenzie','akihn@example.net','498.806.9649x769','2002-05-24 00:52:44','2016-03-21 15:57:40'),
('86','Syble','Flatley','hane.filomena@example.com','671.058.4806','1988-07-20 13:15:48','1983-11-29 13:17:25'),
('87','Tristin','Mohr','ocarroll@example.net','1-636-389-1176x12642','2010-02-16 00:58:07','2017-12-31 12:09:35'),
('88','Icie','Collier','hstracke@example.org','615-651-7281','1980-12-11 16:14:04','1972-12-17 20:33:54'),
('89','Amina','Dietrich','urowe@example.org','781.357.4162x038','2015-05-21 17:40:27','2017-01-28 03:04:58'),
('90','Al','Kassulke','jparker@example.org','1-811-058-5363x10134','2009-02-06 03:47:27','2001-02-24 11:36:01'),
('91','Heaven','O\'Connell','chadd41@example.org','01738466600','1974-08-07 04:02:47','2016-02-23 01:39:53'),
('92','Karolann','Gulgowski','carissa92@example.com','1-538-861-9966','2003-04-19 12:15:25','1999-03-06 21:46:41'),
('93','Antwan','Price','regan.langosh@example.org','+89(3)6876571547','2016-12-17 22:26:51','1970-02-17 12:33:17'),
('94','Ambrose','Hackett','dhessel@example.org','05004665115','1976-07-12 04:59:48','2010-03-28 17:53:01'),
('95','Wiley','Miller','fisher.itzel@example.org','(896)213-7875','1987-08-17 02:43:36','2017-08-22 21:59:09'),
('96','Heaven','Oberbrunner','jamil.skiles@example.org','(349)125-0823','1992-05-03 22:59:31','1994-11-11 18:32:05'),
('97','Ashley','Heller','white.collin@example.net','1-981-074-3710x4744','2000-02-24 17:54:03','1994-02-04 06:28:01'),
('98','Juwan','Okuneva','candelario61@example.org','(253)719-0028x844','1977-12-18 14:31:35','2005-05-20 03:10:15'),
('99','Brian','Rutherford','ctremblay@example.org','(757)377-9933x37673','1970-08-26 02:20:40','1995-08-13 16:50:55'),
('100','Emmalee','Tillman','orn.elyssa@example.org','793.995.2671','1986-02-27 22:40:09','1979-01-12 07:18:17'),
('101','Rashad','Runte','laurie.wolff@example.com','(085)428-8021','2003-11-22 05:21:45','1983-05-23 01:06:58'),
('102','Dayton','Rice','emmanuelle.johnston@example.org','1-675-548-0572x4211','1972-08-21 22:45:38','1980-09-18 08:36:56'),
('103','Carter','Hayes','koss.maci@example.org','596-257-6427x89299','1975-11-30 13:00:58','1977-05-12 06:23:39'),
('104','Rosella','Prosacco','mackenzie.nader@example.com','428-058-9022x016','2011-11-01 03:44:56','1985-11-16 01:00:44'),
('105','Nannie','Langosh','carlee.lakin@example.org','795.070.0053','2001-10-12 15:36:52','2014-12-19 02:39:18'),
('106','Catherine','Dickinson','isaias.kautzer@example.com','682-647-5214x872','1992-05-17 13:19:00','1976-09-07 08:33:15'),
('107','Bailey','Torphy','maxie14@example.org','080-696-8014x9206','1997-05-19 05:54:55','1982-04-25 13:36:12'),
('108','Polly','Schiller','steuber.sofia@example.com','1-213-448-7796','1990-01-22 08:06:34','1971-03-26 23:12:12'),
('109','Margarett','Hermann','dale.hackett@example.net','081-957-1462','1974-08-21 04:39:09','2004-09-05 08:00:05'),
('110','Mollie','Hilll','vladimir90@example.org','1-124-331-1994x09588','2003-02-23 09:59:39','1986-05-23 01:53:03'),
('111','Alena','Medhurst','geoffrey44@example.org','157-787-2129x34910','1972-09-24 01:43:02','1995-08-07 13:01:55'),
('112','Cora','Lueilwitz','nturner@example.net','1-997-343-2019','2008-07-11 23:23:51','2017-11-13 20:20:26'),
('113','Zion','Roberts','lee.kovacek@example.net','1-593-559-0527x9846','1993-09-05 05:00:12','1975-05-07 19:38:16'),
('114','Bailey','Cummings','wisozk.kennedi@example.org','(170)738-4481','2014-10-02 14:14:07','1980-04-12 00:10:05'),
('115','Constantin','Turner','kelly.crist@example.org','(573)268-8726x20490','1982-01-28 18:07:10','1991-04-17 19:53:54'),
('116','Sheila','Hodkiewicz','littel.malinda@example.org','512-281-5616','2007-06-21 01:31:34','1991-08-30 23:44:58'),
('117','Bernadine','Parisian','kreilly@example.org','1-942-951-7612','1996-12-07 12:28:57','1977-09-21 20:42:40'),
('118','Curtis','Bode','hilll.pansy@example.com','09252644596','1994-06-17 14:12:59','1978-03-31 06:47:05'),
('119','Ellen','Nolan','phudson@example.org','580.999.2909x266','1979-12-02 23:30:10','1973-07-11 01:24:18'),
('120','Jerrold','Johnson','ryleigh.schoen@example.com','(499)662-1587','2004-10-27 16:22:04','2010-12-29 03:37:45'),
('121','Gussie','Kiehn','norma.stark@example.com','1-708-846-0729x8102','1972-03-24 07:40:28','2005-04-05 21:42:39'),
('122','Danielle','Sporer','osipes@example.com','881.805.9724','2001-03-28 11:52:35','2002-05-16 14:02:14'),
('123','Monserrat','Larkin','jonas78@example.com','1-892-192-1217','1994-09-20 19:38:14','2000-06-20 17:45:33'),
('124','Chesley','Morar','elliott.leannon@example.net','+36(0)3647466060','1985-10-14 17:48:37','1973-01-02 18:41:25'),
('125','Alec','Becker','sammy.monahan@example.com','(065)697-1442','2011-02-08 06:05:23','2016-08-03 11:27:37'),
('126','Ansel','McDermott','daniel.shirley@example.net','485.223.6150','1982-06-28 08:22:17','2016-06-03 02:31:08'),
('127','Clementina','Zulauf','dzulauf@example.net','1-262-783-2015','1974-07-26 05:19:36','2015-09-01 07:58:28'),
('128','Saul','Abshire','langosh.rod@example.com','+34(9)8491540978','2011-03-01 08:27:13','1997-01-21 16:24:52'),
('129','Augustine','McLaughlin','casper.orlando@example.org','(114)030-3274x6902','1988-02-14 18:39:48','1970-08-12 20:12:53'),
('130','Wanda','Lynch','devon.bogisich@example.net','484.439.6102x15589','1972-05-24 11:24:29','2008-01-03 01:41:22'),
('131','Max','Grady','perry69@example.org','+62(6)5847380116','1981-07-15 13:19:44','1996-02-05 14:44:40'),
('132','Filiberto','Hahn','nwillms@example.org','(775)986-5126x977','1987-05-06 22:39:21','2017-10-30 15:27:44'),
('133','Elda','Bednar','jany93@example.net','513-734-6339','2004-09-03 11:48:19','2013-09-21 20:57:23'),
('134','Thea','Kiehn','xherman@example.com','186-735-0174x67362','2003-03-11 16:39:35','2011-12-05 22:34:18'),
('135','Corene','Crooks','hickle.meda@example.org','(108)193-0791x88971','1971-04-23 15:41:03','2016-08-31 16:35:05'),
('136','Rowan','Willms','larry26@example.com','190-246-4647x43434','1996-06-06 22:04:44','2003-01-30 13:02:10'),
('137','Laverne','Carroll','purdy.dane@example.com','1-637-303-3287','2016-05-09 14:50:43','1989-12-19 21:48:46'),
('138','Hellen','Lebsack','jessika.bernhard@example.org','731.081.3220','2003-01-15 09:38:49','2007-09-12 08:37:33'),
('139','Linwood','Nolan','vrippin@example.org','272-439-9292x1318','2016-01-05 19:35:52','1984-12-23 20:06:31'),
('140','Demond','Osinski','lynn.crist@example.org','05440936303','1990-04-03 23:49:03','1985-09-08 12:38:57'),
('141','Howard','Ryan','wilford.hermann@example.net','221-582-4528x084','2015-06-13 01:31:52','1997-09-20 18:08:12'),
('142','Norval','Robel','ruben.streich@example.com','1-588-151-3793x49164','1986-06-07 00:46:33','2006-01-20 17:24:45'),
('143','Ayla','Runolfsdottir','pfeffer.mozelle@example.org','+53(9)5406381635','2001-07-07 20:34:15','1978-08-16 00:50:15'),
('144','Luella','Spinka','eherzog@example.net','638.273.2044x0887','2009-10-27 17:26:33','2003-12-18 20:59:59'),
('145','Angel','Howell','swest@example.com','081-679-1971','2005-02-11 13:10:33','1989-01-31 23:02:04'),
('146','Bert','Zieme','mtillman@example.org','1-818-352-2611','1998-05-07 20:56:06','2006-12-28 14:36:05'),
('147','Theodora','Dooley','santino11@example.net','840-820-2644x921','2015-12-17 14:32:14','1970-02-28 14:18:20'),
('148','Lempi','Crist','ogoyette@example.com','(037)795-7587','1982-01-27 03:06:38','1971-06-12 00:36:42'),
('149','Henriette','Yundt','glabadie@example.net','637-716-4437x841','1983-09-13 17:08:44','2005-03-11 17:41:51'),
('150','Marlene','Emard','cruz95@example.net','(756)832-6783','2004-10-21 02:34:04','1990-10-28 14:50:28'),
('151','Murphy','Sipes','pschimmel@example.net','(453)471-7703','1991-01-04 03:36:36','1991-12-01 00:48:11'),
('152','Frederique','Yundt','lily33@example.net','379.212.1351x833','2002-04-27 14:04:19','2007-11-16 17:31:09'),
('153','Vallie','Schuppe','jermain38@example.com','412.514.1927x17963','1981-09-10 06:37:54','1987-12-25 04:55:20'),
('154','Cameron','Glover','toby.reynolds@example.com','473.014.2709x666','1973-10-22 12:55:14','2003-02-01 12:28:54'),
('155','Dee','Conn','fritchie@example.org','+58(1)4566971485','2019-01-05 09:15:27','1985-05-15 15:14:45'),
('156','Fletcher','Cormier','mason.gulgowski@example.net','825-702-6342','1973-01-12 07:22:01','2009-01-12 21:30:06'),
('157','Loren','Davis','beahan.melba@example.org','327-796-5452','1982-01-10 22:18:59','1971-08-15 17:29:10'),
('158','Carey','Schmeler','karianne.prohaska@example.org','(141)626-7762','2012-08-26 15:42:51','1984-11-22 19:36:20'),
('159','Frankie','Bogan','ubaldo.champlin@example.com','1-439-626-2663','1970-06-13 19:07:09','1975-06-01 02:51:46'),
('160','Haylie','Klocko','ewald.funk@example.org','(200)113-4572','2001-12-23 04:52:06','1970-11-18 08:05:43'),
('161','Levi','Miller','deven.johnston@example.com','249.132.1923x415','1980-08-14 07:54:27','1980-03-09 16:48:09'),
('162','Clara','Deckow','amanda.hudson@example.com','646.573.7203','2007-04-13 06:59:14','2017-11-21 10:49:09'),
('163','George','Schiller','luella.brakus@example.net','1-418-230-2052x581','1974-04-04 18:31:45','1999-12-12 02:02:35'),
('164','Carmella','Moen','eldridge87@example.net','908-952-3775','2018-01-03 08:04:33','1992-03-13 06:32:40'),
('165','Anastacio','Haag','neal35@example.org','(067)296-6264','2019-09-10 12:38:55','1986-02-14 08:15:39'),
('166','Angela','Bashirian','vernon29@example.com','1-432-205-2797x701','2018-10-06 20:12:30','1981-03-04 07:08:22'),
('167','Ubaldo','Jacobs','jkoelpin@example.org','691.853.0202','2017-06-16 02:42:03','2017-08-21 20:22:35'),
('168','Samara','Kulas','brannon80@example.net','1-463-258-7614x01018','2010-03-15 18:39:30','1977-02-22 19:59:06'),
('169','Dee','McKenzie','etreutel@example.com','563.703.2184x44584','1999-05-26 03:40:15','2017-01-01 18:40:53'),
('170','Alf','Crist','opowlowski@example.org','422-497-3282x569','1971-03-30 22:54:37','1994-03-20 17:02:17'),
('171','Arden','Baumbach','deshawn52@example.org','+76(2)7636090319','2017-08-31 22:55:01','2014-05-19 01:34:32'),
('172','Blaze','Wilkinson','krystel.jones@example.net','703-712-8768x7024','1994-04-16 13:46:56','1980-12-13 14:42:20'),
('173','Javon','Wiegand','ubatz@example.com','(820)404-3496x76875','1982-06-06 17:04:11','2008-04-17 23:06:09'),
('174','Jalen','Hayes','maud.powlowski@example.net','+67(5)1221040064','2005-12-08 08:29:16','1992-12-19 00:04:26'),
('175','Micah','Baumbach','oran.nitzsche@example.net','(145)535-0475x8307','1975-12-23 21:45:28','1992-12-10 02:28:00'),
('176','Reggie','Schaden','kylee86@example.org','008-705-1497','2003-02-04 06:54:05','2005-05-28 20:45:53'),
('177','Ignatius','Gibson','carroll.kyler@example.org','+11(9)0673536556','2007-08-26 17:15:45','2017-08-06 13:36:36'),
('178','Mollie','Hartmann','dcorwin@example.com','1-088-215-6207x14428','1976-02-26 23:47:34','2009-02-13 03:59:25'),
('179','Berniece','Cartwright','bhomenick@example.com','+76(8)9938447328','1991-05-22 09:05:49','1998-02-16 18:50:43'),
('180','Coy','Wiegand','eladio26@example.net','1-005-630-9603x94682','2016-11-10 19:42:18','1973-10-13 22:43:57'),
('181','Mckayla','Braun','anne05@example.net','1-044-826-2881x641','1971-01-07 14:14:05','2004-05-10 05:16:19'),
('182','Marcel','Cassin','sporer.orlo@example.com','421-569-0147','1981-10-06 17:11:21','2006-03-09 05:23:45'),
('183','Jocelyn','Moen','brennan.crooks@example.net','938-153-0763','1981-06-03 23:37:10','2000-10-13 15:52:40'),
('184','Ally','Feest','mylene.shields@example.org','+61(3)8685857715','1975-09-11 13:21:03','1979-11-01 04:00:27'),
('185','Nova','Wisoky','phoebe.howell@example.org','018.459.8894x67347','2010-07-13 08:07:19','1988-06-29 08:57:34'),
('186','Camren','Moore','raymundo47@example.net','011.924.7170','2004-02-07 12:24:48','1988-12-02 09:34:33'),
('187','Devonte','Schmidt','jadon.schumm@example.net','+93(5)4546934327','2011-11-30 16:40:35','1981-11-14 19:54:27'),
('188','Virgil','Grady','ukemmer@example.com','045.888.5080x990','2018-01-04 14:06:04','2006-08-31 03:14:45'),
('189','Cole','Sipes','connie65@example.com','312.574.1971','2004-02-10 21:13:03','1989-02-01 22:19:41'),
('190','Karli','Fritsch','gregoria.bechtelar@example.com','198.159.4780','2008-10-14 09:08:50','2013-08-07 11:17:37'),
('191','Garland','D\'Amore','edd.gibson@example.net','324.462.5437x377','1974-04-02 20:30:27','1986-02-17 01:08:15'),
('192','Micah','Emmerich','hilbert.dibbert@example.com','000-731-8203','1984-11-22 01:58:10','2015-11-05 17:51:38'),
('193','Kaitlin','Gibson','reina.cremin@example.org','(942)668-7747','2019-03-04 21:10:42','2015-07-06 15:29:24'),
('194','Stephan','Hartmann','qbatz@example.org','(329)463-5654x5591','1987-04-18 05:59:20','2019-01-03 07:50:00'),
('195','Albin','Dicki','kberge@example.com','(392)132-7235x748','2009-03-09 13:30:35','1978-10-05 06:01:09'),
('196','Milan','Schmidt','minnie20@example.com','616-599-0747x2042','1997-01-25 10:54:24','1989-06-10 00:21:06'),
('197','Catalina','Shields','o\'kon.gayle@example.com','1-846-985-7675x481','1971-04-04 10:48:26','2016-06-28 14:10:09'),
('198','Krista','Turner','gregg17@example.com','498.909.4210x1122','2000-08-25 17:53:32','2003-12-06 22:23:14'),
('199','Kiley','Schmidt','wiley82@example.net','+18(1)6572586263','1988-06-30 03:15:26','2015-10-30 07:58:07'),
('200','Gage','Reynolds','branson54@example.net','(352)782-2257x52547','1999-11-21 13:51:20','1997-01-08 14:14:29'),
('201','Flavio','Friesen','avis87@example.org','687.075.3135x4324','1981-12-05 17:57:48','2019-05-14 17:41:09'),
('202','Rosina','Wiza','xrodriguez@example.com','892.008.4708','1988-06-08 11:34:47','1983-05-16 06:53:27'),
('203','Adeline','Corkery','iosinski@example.com','853.850.1009x63394','1972-05-16 02:41:46','2017-04-21 02:37:59'),
('204','Romaine','Homenick','draynor@example.net','228.433.4623x05533','2003-06-08 13:56:16','1985-09-10 21:36:49'),
('205','Paris','Wiza','joyce.schaefer@example.com','(590)783-3021x57575','1992-07-29 21:06:31','1971-09-04 08:17:43'),
('206','Grant','Torp','wintheiser.lillie@example.org','1-193-693-8024x114','1978-12-18 22:33:47','1970-11-24 11:41:48'),
('207','Ebba','Wunsch','howe.dayna@example.com','(635)509-8657x5110','1982-12-01 16:34:40','2010-09-01 20:05:00'),
('208','Kirk','Medhurst','keebler.torey@example.net','326.151.3284','1982-03-29 07:04:39','1980-01-25 12:58:05'),
('209','Hassie','Kemmer','kerluke.marilou@example.com','(262)904-7670x5426','1988-06-29 15:57:37','1983-04-21 18:27:54'),
('210','Jonatan','Larkin','nmann@example.org','+38(2)3598601727','2010-03-28 00:34:56','1979-12-28 11:07:39'),
('211','Muhammad','Mueller','xstroman@example.com','1-699-996-6236','2015-07-26 23:53:03','2014-11-11 03:05:35'),
('212','Fern','Corkery','enid65@example.net','+77(1)2118757092','1981-02-01 10:01:11','1973-11-06 16:06:55'),
('213','Bernardo','Emmerich','lenna70@example.org','(456)098-1242x018','1984-08-30 22:45:25','2015-06-16 12:33:09'),
('214','Mustafa','Paucek','oscar.d\'amore@example.com','805.340.7841x535','1997-07-14 15:16:35','2017-03-31 11:30:51'),
('215','Garnett','Kreiger','bayer.athena@example.org','1-934-882-8023','1975-06-17 14:24:43','1970-02-07 05:19:54'),
('216','Charlie','Thompson','usatterfield@example.org','221-357-2231x432','2011-01-12 08:52:31','2012-12-14 06:17:17'),
('217','Sammy','Thompson','daniela60@example.com','04756999001','1974-08-14 00:31:31','1992-08-27 05:00:32'),
('218','Jessy','Breitenberg','king.sadye@example.org','851.163.1225x4015','1993-11-24 14:18:45','2018-07-11 03:40:59'),
('219','Dallin','Mayert','corwin.victoria@example.org','(387)349-0128','1978-05-10 14:43:36','2009-03-13 03:40:38'),
('220','Pearl','Langosh','antonia.cormier@example.net','947-094-4164x07010','1990-10-02 07:50:29','1984-03-02 21:31:58'),
('221','Coleman','Donnelly','bennett46@example.org','(834)895-5487x70145','2002-11-22 03:52:21','1992-09-04 04:52:56'),
('222','Tevin','Mueller','cortez10@example.net','1-289-908-3383','2005-01-11 11:03:47','1992-05-30 10:45:41'),
('223','Christiana','Hahn','cschneider@example.net','934.500.9377','2000-12-27 01:18:15','1991-09-09 17:42:26'),
('224','Kameron','Roob','vickie37@example.com','(777)023-7364x11996','1981-01-04 06:37:26','2019-07-31 14:41:27'),
('225','Ryleigh','Cronin','beryl.hahn@example.org','+40(2)3322752439','2005-04-07 01:32:35','2000-03-30 15:24:11'),
('226','Ubaldo','Davis','cronin.grover@example.org','1-493-116-5486x14994','1970-11-15 14:31:23','2012-10-15 18:33:34'),
('227','Bianka','Wisoky','ybuckridge@example.org','1-351-384-5835x376','2006-10-03 06:45:21','2004-01-07 17:38:22'),
('228','Pamela','Hackett','carissa.mraz@example.net','+19(8)6779913898','1984-02-02 03:37:39','1985-01-07 08:47:09'),
('229','Jamaal','Carroll','kutch.nat@example.net','1-726-491-8880x5564','1972-08-24 10:28:51','2018-04-10 17:18:23'),
('230','Savanna','Schumm','sierra48@example.com','(782)596-9421x535','1994-12-08 06:44:50','2009-09-06 14:45:44'),
('231','Viviane','Hettinger','franz.murphy@example.com','(237)317-5384','2000-07-24 05:13:47','2019-05-14 22:33:30'),
('232','Charlene','Stroman','reinhold21@example.net','1-366-371-9742x9151','2016-04-22 14:58:15','1977-11-23 22:43:21'),
('233','Marion','Okuneva','nherman@example.org','198-239-6909x74226','2005-07-07 00:45:41','1986-08-23 10:06:47'),
('234','Andreanne','Stanton','boyle.sheldon@example.org','588-476-3792','2007-03-24 15:51:30','1998-03-20 17:45:27'),
('235','Norwood','DuBuque','erica02@example.com','(717)922-2745','1978-12-14 18:53:25','1980-04-06 18:49:30'),
('236','Addie','Boehm','qkemmer@example.org','196.186.8379','1996-02-22 04:33:21','1996-04-09 19:06:22'),
('237','Marvin','Kshlerin','zlindgren@example.org','1-683-542-3382x497','1979-07-20 18:50:12','2007-04-14 13:17:31'),
('238','Chester','Hettinger','reinger.vincent@example.com','(227)127-4889x275','1972-08-16 19:30:45','2006-10-27 17:29:23'),
('239','Alex','Leuschke','albertha08@example.org','(853)313-8110x5917','2010-12-24 12:21:36','2005-12-23 15:57:03'),
('240','Bertha','Pollich','constantin.mante@example.net','621.068.4849x35999','1998-08-22 15:23:51','1986-10-08 09:35:34'),
('241','Clemens','Zulauf','batz.cynthia@example.org','(523)213-7370x60074','1991-10-17 21:56:02','1976-05-07 02:19:53'),
('242','Nils','Huel','clangosh@example.net','082.469.5849x5312','2009-01-12 00:15:28','1980-07-07 09:06:22'),
('243','Bria','Lockman','swaniawski.johnathon@example.com','287.358.0074x309','2001-03-05 00:51:29','2015-03-17 03:48:43'),
('244','Gerson','Friesen','daren.heidenreich@example.com','786-140-5434','2017-07-17 19:10:39','2004-09-13 08:47:05'),
('245','Jack','Hilpert','bruen.lois@example.org','401-614-0188x58645','1997-09-19 15:24:21','1972-05-03 17:18:45'),
('246','Jovany','Conn','loren17@example.net','(392)555-4457x6584','1980-12-01 12:18:52','1986-02-12 21:48:01'),
('247','Oswald','Heathcote','rolfson.brook@example.org','(862)952-9517x5945','1986-01-12 19:29:26','1982-09-04 14:44:17'),
('248','Nolan','Hoppe','abbie03@example.net','(385)903-9695','1985-07-25 22:10:00','1979-05-06 10:41:36'),
('249','Icie','Schimmel','roob.okey@example.com','1-907-814-6862x52765','2005-07-13 04:18:29','1977-07-30 15:52:27'),
('250','Edyth','Renner','xgleichner@example.net','131.585.7652x4164','1982-11-21 02:15:18','1974-08-06 13:15:31'),
('251','Sonny','Brown','abdiel.king@example.net','657.765.0973','2014-07-02 22:12:26','1975-04-29 20:17:11'),
('252','Tanya','Reilly','maxime.gutkowski@example.com','09571847670','1983-10-29 09:02:32','2018-02-22 10:19:29'),
('253','Clement','Upton','bobbie27@example.org','302-987-1065','1973-06-27 18:54:50','2000-01-10 05:19:32'),
('254','Sam','Marquardt','qcassin@example.net','1-681-233-2939','2005-10-27 10:27:20','1984-01-15 01:51:38'),
('255','Gerda','O\'Keefe','jaiden.wilderman@example.com','938.252.5037','1976-03-21 06:28:03','1988-06-04 07:56:07'),
('256','Isabella','Simonis','austyn.bins@example.net','016.583.4591x8278','1988-01-24 04:33:14','2011-09-29 10:11:06'),
('257','Ryley','Corkery','bschiller@example.net','1-172-419-5060','2010-10-21 02:37:46','1985-11-07 20:00:12'),
('258','Micaela','Dare','marlene.wiza@example.org','979-498-8259','1990-11-16 19:24:26','2014-04-23 12:43:53'),
('259','Van','Lueilwitz','gbashirian@example.org','+60(2)7345582101','1975-09-02 16:07:42','1973-09-03 02:41:16'),
('260','Kay','Padberg','geovanny.tremblay@example.com','(223)648-2163','2017-04-23 22:46:33','1981-05-12 04:32:25'),
('261','Filiberto','Dicki','dkunde@example.org','346-444-8124x3986','1999-10-13 19:40:07','1977-08-31 12:57:29'),
('262','Yolanda','Murazik','garrick.hahn@example.net','987.976.1965x7700','2011-02-15 06:23:53','1980-03-21 08:57:33'),
('263','Christop','Schroeder','deon.bosco@example.org','217.489.5273','1979-05-11 11:43:55','1994-12-31 20:50:25'),
('264','Jairo','Considine','mckenna80@example.org','(251)807-6381x1659','1988-11-22 18:19:38','1973-09-18 09:22:12'),
('265','Stanley','Gerlach','carter.betty@example.com','240-480-2271x212','1997-08-15 22:09:02','1985-01-10 17:19:49'),
('266','Alanna','Breitenberg','mandy.mohr@example.org','1-543-032-8881x0946','2008-01-02 03:42:02','1975-04-16 06:04:41'),
('267','Hellen','Mann','karina.haley@example.net','(084)057-8382','1976-12-14 07:30:34','1974-02-23 19:22:33'),
('268','Tony','Runte','beulah.kovacek@example.net','+23(5)8199900996','2015-05-02 02:33:55','1998-11-14 18:24:16'),
('269','Carissa','Kris','jarrod99@example.com','(476)297-3091x8853','1993-05-23 13:21:52','1975-01-24 10:28:08'),
('270','Kassandra','Boyer','okey.reichert@example.com','657.062.1436x03217','1986-07-23 05:35:21','1977-05-12 20:38:27'),
('271','Anastacio','Wiegand','alivia.johnston@example.org','767.579.5817','2006-05-10 14:20:47','1985-07-08 17:03:44'),
('272','Hazle','Russel','natasha.turner@example.com','1-204-136-4640','2016-08-13 22:50:37','2001-09-02 17:47:46'),
('273','Lucious','Carroll','ross.dickens@example.net','1-138-948-8571x06951','2004-11-28 00:17:04','2007-09-16 10:48:22'),
('274','Daniela','Flatley','rhoda.becker@example.net','516-092-7613x768','2019-04-01 10:24:07','2008-04-18 23:48:51'),
('275','Timmy','Kunze','kacie.kiehn@example.com','690-184-0483x644','1981-05-24 14:14:45','1996-11-17 11:24:25'),
('276','Garry','Kunde','macejkovic.joany@example.com','1-766-568-6307','2011-08-18 05:21:44','1971-03-27 19:04:02'),
('277','Brian','Hettinger','zelma88@example.com','723-500-4766x3755','1991-07-28 13:12:31','2006-02-09 21:12:51'),
('278','Kelsi','Schuppe','marilou.miller@example.org','08582716961','1975-03-05 01:01:35','1976-09-02 08:53:28'),
('279','Jordyn','Crooks','o\'reilly.rubie@example.net','664-003-8288x12032','1970-12-15 06:23:23','2003-11-11 11:35:17'),
('280','Clair','Barton','krempel@example.com','571-952-8936x802','1975-04-20 01:10:44','1977-05-07 13:01:53'),
('281','Patricia','Klein','quinten55@example.org','(907)361-1657x1068','1997-02-19 21:34:20','2011-03-26 02:16:40'),
('282','Heidi','Schaden','ichamplin@example.com','(656)224-7017x4536','1974-04-01 12:18:14','1983-08-23 00:09:17'),
('283','Layla','Greenfelder','gudrun85@example.org','+35(1)3536594892','2015-11-07 22:58:03','1979-07-14 17:26:32'),
('284','Herminio','Osinski','zwolf@example.net','541.178.6651','1978-10-05 00:06:36','1997-10-17 12:37:17'),
('285','Horacio','Kunze','marielle24@example.com','046.088.5465x6836','1999-06-15 22:31:52','2012-09-17 12:00:38'),
('286','Corine','Daugherty','armstrong.kristoffer@example.net','006-701-7568x430','1970-04-13 16:07:52','1985-09-15 14:57:21'),
('287','Rogers','Goldner','kamryn.johnston@example.com','1-298-818-8359','1994-01-01 16:13:04','1970-12-29 15:31:07'),
('288','Alivia','Harris','kane86@example.com','(092)278-7505x3315','1991-05-29 08:00:41','1971-04-19 02:29:32'),
('289','Amara','Schumm','smith.gregoria@example.com','01737086593','1986-07-01 07:12:20','2005-02-25 15:20:46'),
('290','Jakayla','Rempel','eleonore.bailey@example.com','+89(0)9575534408','2013-03-19 15:44:08','1973-11-26 16:51:01'),
('291','Charlotte','Hand','zcassin@example.com','1-493-551-6771x57482','1970-05-29 04:16:12','2018-01-18 17:30:21'),
('292','Evalyn','Davis','teagan.volkman@example.com','865.466.6903','2004-06-04 04:25:13','2009-01-11 21:10:20'),
('293','Aron','Dickinson','drutherford@example.org','1-808-172-3275x1289','2018-10-01 19:27:41','1985-03-01 15:33:21'),
('294','Weston','Hauck','o\'reilly.hester@example.com','171.227.2389x93481','2005-12-27 13:12:01','2014-11-29 07:18:40'),
('295','Michale','Harber','jakubowski.travon@example.org','859-184-2825','1980-07-27 11:29:12','1980-07-19 00:40:21'),
('296','Deron','Cremin','jhintz@example.org','606-785-9505','1980-07-27 10:16:01','2003-07-07 00:34:45'),
('297','Leta','Gutmann','mrutherford@example.net','981-490-6257x6957','2011-06-20 22:14:23','1991-04-17 22:19:35'),
('298','Jerry','Welch','grace.murray@example.net','(819)694-3777','2009-11-04 01:27:28','2009-09-05 01:14:42'),
('299','Wilburn','Feil','tharris@example.com','505-716-7265x567','2018-12-31 14:33:05','1998-10-08 03:52:15'),
('300','Antwon','Windler','ogrimes@example.org','+64(9)7538740459','1971-06-29 09:46:20','2014-09-18 02:08:13'),
('301','Curt','Langosh','shane89@example.net','230.745.4886','1980-10-26 16:23:20','2018-10-05 23:21:26'),
('302','Kendrick','Konopelski','samson01@example.net','1-406-842-5787','2013-01-26 11:11:12','1974-09-21 12:57:30'),
('303','Trevor','Glover','baumbach.madisyn@example.net','(946)926-7384x115','1978-08-06 20:09:42','1987-12-24 08:59:05'),
('304','Dolly','Zboncak','dfay@example.org','01194686067','1995-01-27 21:32:33','1988-04-07 20:07:19'),
('305','Kory','Lubowitz','zoe.mccullough@example.com','(429)968-6785','2019-03-18 13:10:58','2017-05-10 02:45:02'),
('306','Fred','Konopelski','conroy.carroll@example.com','06059789339','2009-05-21 21:18:12','1996-11-23 20:02:50'),
('307','Arlo','Farrell','schuster.jed@example.net','(078)863-7922','1984-08-24 03:46:28','1986-09-25 00:52:58'),
('308','Whitney','Mohr','nayeli.watsica@example.org','1-369-461-4317','2005-03-29 02:37:43','2010-11-16 23:30:45'),
('309','Arnoldo','Mueller','eklocko@example.org','(386)454-4786x35958','1971-12-21 19:18:29','2008-12-01 18:59:25'),
('310','Andreane','Koelpin','jonatan55@example.org','(942)811-9225x9224','1983-08-25 23:11:41','1995-01-11 15:26:00'),
('311','Abdullah','Wilderman','alverta.wuckert@example.org','269-048-4423x87634','1988-07-17 02:33:07','2014-02-10 16:30:21'),
('312','Elta','Kunze','alf73@example.com','620.900.8401','1994-11-11 12:22:02','1975-02-05 21:14:50'),
('313','Khalid','Sanford','windler.enoch@example.org','08906258965','2012-07-18 13:39:34','1979-02-06 02:09:04'),
('314','Jermain','Fisher','lenna67@example.net','1-049-228-6162','2001-10-21 09:21:46','2009-02-12 22:04:19'),
('315','Elyse','Huels','rodriguez.ciara@example.com','595.235.0958','1972-09-28 01:39:48','1994-01-28 03:01:09'),
('316','Edyth','Conn','wveum@example.org','188.524.1877x63675','2000-10-23 01:05:42','1982-07-13 21:38:35'),
('317','Kay','Goodwin','zola17@example.net','308.970.6704','2017-03-12 14:41:50','1993-03-13 17:17:17'),
('318','Ted','Cormier','turner.irwin@example.com','+43(6)7619590890','2009-06-22 20:03:36','2005-11-05 02:21:22'),
('319','German','Macejkovic','lelah.kris@example.net','(270)533-8088','1988-07-23 05:31:42','1998-11-27 12:12:52'),
('320','Edmond','Ankunding','cschaefer@example.org','496.627.1781','1978-08-07 22:19:55','1975-10-23 23:21:08'),
('321','Guillermo','Senger','npagac@example.com','443-288-6991x516','2018-03-04 21:32:08','2001-05-06 02:59:59'),
('322','Isai','Krajcik','pablo.waters@example.net','(518)164-7609x849','1981-12-08 04:13:48','2017-09-29 22:44:01'),
('323','Kaylah','Bahringer','hagenes.queen@example.org','1-985-686-2762x35148','1981-06-30 18:02:58','1997-03-27 16:54:11'),
('324','Diego','Daniel','dschneider@example.net','1-432-690-8156x5068','1986-12-09 02:00:45','1985-03-18 20:55:34'),
('325','Amani','Marvin','lind.josephine@example.net','996-176-5746x7222','2003-06-28 10:02:02','2019-05-09 22:13:20'),
('326','Adan','Ward','kreiger.yessenia@example.org','(880)147-4147','2008-04-16 03:26:07','1974-01-31 16:31:53'),
('327','Mara','Waters','nolan.christiansen@example.net','(603)077-9264x69287','2018-02-12 16:45:13','2010-12-23 12:19:35'),
('328','Madeline','Breitenberg','irving.auer@example.com','798-776-2752','1974-08-23 23:51:35','2012-05-02 07:01:43'),
('329','Delores','Olson','trycia05@example.net','(277)204-1498x06563','1987-08-07 15:09:29','2001-04-11 10:18:41'),
('330','Brendon','Bogisich','eunice.satterfield@example.net','(494)743-0757x5330','1975-01-02 17:58:58','1999-12-14 09:16:35'),
('331','Krystel','Heaney','berry.schuster@example.com','(979)743-3509x493','1986-08-28 01:23:08','1994-01-15 11:08:36'),
('332','Gia','Kris','verla52@example.net','888-876-1360','2014-04-28 05:37:27','1996-04-14 18:59:25'),
('333','Enrico','Purdy','ismael.dibbert@example.com','582.465.7418x06616','1994-07-23 04:15:33','2002-10-27 22:33:47'),
('334','Reuben','Morissette','wanda72@example.com','103-695-8671x118','1983-07-13 02:50:14','1982-01-05 16:14:13'),
('335','Andreane','Connelly','von.addison@example.com','1-912-190-0323x875','2016-03-08 17:38:05','1999-05-23 10:49:16'),
('336','Khalid','Leffler','tromp.jacklyn@example.net','+43(1)6510045541','1993-03-15 04:15:28','1983-10-03 13:46:31'),
('337','Darwin','Paucek','ykovacek@example.net','1-322-667-6088','1989-09-03 11:11:59','2008-01-12 02:42:16'),
('338','Norbert','Bernhard','xokuneva@example.org','118-396-0242','1983-08-19 14:13:43','1987-11-13 23:18:41'),
('339','Bernard','Legros','jessie08@example.org','084.362.2508x2857','2001-01-22 00:19:15','2011-02-07 02:57:16'),
('340','Beulah','Torphy','ohilpert@example.com','524-085-3544x173','2011-07-11 00:22:03','1979-03-14 09:53:26'),
('341','Jonatan','Strosin','camden78@example.net','516.695.1432','1994-08-07 10:37:49','2017-09-29 20:40:26'),
('342','Devin','Raynor','rashawn.walsh@example.org','(788)306-8771x357','1970-10-19 04:19:44','1993-07-05 10:13:22'),
('343','Jaren','Hudson','uboehm@example.org','446.715.7715','2013-11-19 03:23:09','1990-06-27 05:43:09'),
('344','Hobart','Satterfield','croob@example.org','(518)936-7695','1979-02-08 23:08:27','1977-07-25 21:40:14'),
('345','Armando','Kshlerin','wilburn.spinka@example.net','898.509.3656x3360','1973-07-18 23:50:24','2013-09-27 13:57:52'),
('346','Malinda','Grant','aiden62@example.net','+30(7)9624070505','1997-03-21 17:06:45','1979-11-26 11:53:22'),
('347','Sonia','Doyle','melany23@example.com','1-720-097-2675','1999-06-18 10:06:05','1989-08-01 00:57:29'),
('348','Sandy','Price','jessica09@example.org','(692)273-1966x82076','1985-11-28 11:22:47','1988-03-18 20:29:25'),
('349','Patsy','Fritsch','zackary.hermiston@example.net','09062892329','1970-10-12 00:36:23','1973-05-04 21:07:17'),
('350','Jeremy','Hills','oryan@example.com','(266)800-0205x88111','1970-04-27 10:17:18','1998-01-01 09:35:36'),
('351','Mossie','Reinger','qkuhic@example.org','09934482304','1988-03-09 07:24:59','1991-09-24 18:18:37'),
('352','Estevan','Strosin','vziemann@example.com','811.503.0075','1973-09-12 04:31:39','1990-09-15 18:04:04'),
('353','Seth','Huel','kamron50@example.org','+55(9)4462549532','2003-09-25 02:44:23','2009-03-29 20:46:23'),
('354','Maurice','Considine','parker.davonte@example.net','646-426-6569x54705','2005-09-29 17:56:27','2013-12-02 03:43:46'),
('355','Collin','Schulist','pstokes@example.org','1-246-013-7043','1990-07-18 23:35:25','1994-08-25 16:55:54'),
('356','Brielle','Hilll','bednar.winfield@example.com','035.956.0665','1980-12-05 13:13:43','1997-01-04 16:01:19'),
('357','Jessy','Gleason','linnie05@example.net','858-883-1181','1991-04-05 07:12:22','1983-11-28 12:43:42'),
('358','Justice','Breitenberg','alexys63@example.com','380.358.9526','1988-10-28 19:43:35','1971-01-17 04:42:30'),
('359','Freeman','O\'Reilly','dedrick30@example.com','1-949-785-9277x451','1988-01-24 19:56:56','2005-11-04 12:25:52'),
('360','Eduardo','Homenick','purdy.kiana@example.org','1-084-482-4543x4187','2013-06-07 10:19:17','1988-11-16 09:35:02'),
('361','Aimee','Champlin','xnitzsche@example.org','+08(9)2199868019','2008-03-03 16:57:52','1990-10-03 02:09:34'),
('362','Elmer','Berge','kwill@example.org','08932288944','1972-09-23 01:45:40','1978-02-25 07:42:25'),
('363','Deontae','Cremin','anabel.hagenes@example.net','+38(6)1601460219','1981-02-22 23:00:23','2009-11-02 21:09:52'),
('364','River','Gutmann','hudson.kamryn@example.com','280.052.2828','1998-08-27 19:01:39','1974-12-29 15:47:05'),
('365','Geo','Prosacco','ztoy@example.org','1-798-779-3758x7528','1994-10-31 17:54:32','1991-08-11 14:27:57'),
('366','Lavinia','Romaguera','margarita.dooley@example.net','(467)924-4793','2011-07-13 16:37:02','1980-03-14 18:16:55'),
('367','Susana','Bogisich','blanche15@example.net','022-038-2995x4725','2001-04-24 20:51:37','2000-01-22 20:27:48'),
('368','Kristoffer','Cremin','lillie.kertzmann@example.com','05764241776','2001-08-24 13:36:50','2019-02-27 12:48:13'),
('369','Dortha','Hauck','kayla08@example.org','(808)277-8774','1996-07-08 20:28:39','2018-10-23 17:05:31'),
('370','Kirstin','Satterfield','bwalter@example.net','1-068-025-8944','1972-04-09 21:51:47','1972-09-10 10:55:49'),
('371','Marcelino','Morar','iweber@example.com','829.785.5362x96812','2007-03-05 14:00:52','2013-02-25 01:14:01'),
('372','Celestine','Trantow','banderson@example.com','230.151.3390','1988-05-24 22:41:13','2008-03-17 14:20:45'),
('373','Elizabeth','Waters','price.david@example.com','(518)963-0142x512','2000-11-23 19:56:15','2012-12-21 06:38:40'),
('374','Khalil','Hand','leone87@example.com','(165)012-8460','2011-02-20 00:18:08','2012-03-23 20:06:48'),
('375','Rylee','Beahan','khauck@example.org','1-414-710-0213x91072','1988-06-26 05:44:40','1988-02-25 18:07:12'),
('376','Eulalia','Lang','leonora.prohaska@example.org','1-981-256-9934x0639','2014-01-04 16:08:21','1988-07-04 19:45:33'),
('377','Ciara','Stracke','sally17@example.net','1-992-109-7587','2017-04-13 04:03:24','1971-05-24 16:41:09'),
('378','Buck','Ratke','brenden00@example.net','(519)585-4354','1973-12-24 18:05:50','2004-01-17 21:31:17'),
('379','Stacy','Weber','reyes68@example.com','(389)047-1405','1986-02-05 10:05:39','1971-01-13 01:11:07'),
('380','Letha','McCullough','ivy.wehner@example.com','155.940.4014x57860','2005-02-22 17:02:22','1992-05-09 02:56:45'),
('381','Woodrow','Beahan','volkman.raleigh@example.net','09109253937','1987-07-27 00:33:45','1987-05-11 02:59:41'),
('382','Maria','Vandervort','rebert@example.org','640-543-4897x37695','1999-03-12 05:15:38','2013-09-14 10:11:29'),
('383','Franco','Johns','camylle.o\'conner@example.org','1-681-343-7333','1973-06-08 02:52:04','1975-04-21 19:48:38'),
('384','Ulices','Carroll','white.camryn@example.com','880-750-9048x564','1993-11-15 23:21:28','1972-09-14 22:37:05'),
('385','Burnice','Bins','lyost@example.org','1-534-409-7352','2005-09-27 02:38:38','2015-06-21 01:17:51'),
('386','Lauretta','Greenholt','jaida.collier@example.net','294-409-7508','2018-07-13 17:15:32','1979-09-07 20:16:14'),
('387','Ladarius','Schimmel','thiel.doug@example.net','01815503494','2014-04-28 18:19:58','2017-07-12 04:41:44'),
('388','Lenna','Keebler','bogan.jay@example.net','306-245-1718','1973-11-20 03:13:35','1989-10-21 10:32:19'),
('389','Joe','VonRueden','adolph84@example.net','438.693.6102x87696','2019-05-31 02:35:25','1991-12-12 17:53:42'),
('390','Vergie','Prosacco','turner.chadrick@example.net','07049714766','1975-01-08 20:40:28','2008-05-18 00:43:05'),
('391','Ford','Dare','monty90@example.org','907-980-2879x4790','1975-03-04 15:36:23','2012-01-12 09:06:39'),
('392','Muhammad','Barton','ptorp@example.com','720-407-1039x540','1981-09-11 18:13:42','1973-11-21 02:22:18'),
('393','Helene','Hintz','cleve77@example.net','(212)029-5333','1989-04-19 19:24:46','1983-04-19 12:42:43'),
('394','Anita','Kiehn','tristian.treutel@example.com','105-136-1770x8406','1983-01-05 01:09:09','1984-07-07 06:36:56'),
('395','Izabella','Reichel','ekeebler@example.org','02890434048','1974-05-25 20:09:50','1973-05-14 12:12:17'),
('396','Madelyn','Champlin','isabella91@example.com','385.620.0180','2010-07-10 19:22:13','2011-01-04 07:00:53'),
('397','Roxanne','McClure','alyson.daniel@example.org','+39(4)3313679810','2017-10-28 06:52:13','2003-06-18 12:34:05'),
('398','Mikayla','Kunze','amiya.gleichner@example.org','08202167869','1978-04-11 13:21:42','2000-11-25 18:32:03'),
('399','Demetris','Dietrich','marcus.schowalter@example.org','+21(9)6253128630','1997-08-16 09:51:32','2016-05-09 18:19:52'),
('400','Mallie','Klocko','ohirthe@example.net','825.349.4962x278','1993-06-14 16:10:36','1989-09-01 23:02:13'),
('401','Trystan','Kozey','umaggio@example.org','799-214-5939','1976-11-12 04:06:40','1973-08-17 23:21:43'),
('402','Tiara','Hettinger','laurel.reynolds@example.org','611-645-9291x9265','1999-01-06 14:23:16','1991-10-09 21:04:00'),
('403','Elsie','Wintheiser','rodger.durgan@example.com','(990)213-8690x13879','1982-03-23 16:23:11','1977-01-05 02:21:16'),
('404','Nichole','Schiller','fritsch.jaycee@example.com','131.251.2350x3249','2016-01-26 15:21:24','1971-05-07 02:10:11'),
('405','Nichole','Rosenbaum','oprosacco@example.net','(080)778-5387x708','1978-08-19 04:31:11','1986-04-02 01:29:41'),
('406','Myriam','Reilly','kayden.johns@example.org','1-048-772-3497','2003-12-07 07:26:05','2017-08-24 18:00:08'),
('407','Hipolito','Hamill','zboncak.edmond@example.org','010.876.4300x30492','2000-02-12 13:00:41','2017-07-09 10:19:55'),
('408','Anjali','Huels','christopher97@example.org','02429780243','1997-11-27 08:39:47','1983-03-12 04:44:32'),
('409','Art','Jacobs','kgreen@example.org','1-144-541-9016','2003-06-05 08:18:10','2017-03-04 13:55:43'),
('410','Clinton','Kris','twhite@example.com','(500)112-8525x357','2010-04-25 17:41:09','1993-01-20 18:27:34'),
('411','Courtney','Champlin','nhand@example.org','396-074-2518','1977-09-04 02:42:49','2012-08-11 10:44:53'),
('412','Keanu','Veum','lang.courtney@example.com','+84(4)3403521408','1997-02-26 21:49:37','1997-02-19 17:52:11'),
('413','Willa','Spinka','cwisoky@example.org','(595)329-9136x79077','1999-02-03 19:32:40','2018-07-22 07:12:27'),
('414','Rickie','Schultz','rusty.kohler@example.org','1-237-432-5390','1984-02-08 20:10:41','1996-12-16 04:06:39'),
('415','Stephon','Toy','beer.stephen@example.org','288.655.1013','1994-05-05 07:34:16','2000-09-07 08:25:16'),
('416','Jairo','Will','yost.theresia@example.org','+76(5)6639316141','2017-04-08 04:06:02','2011-03-11 05:06:36'),
('417','Aryanna','Gerlach','akertzmann@example.net','+05(9)1564074684','1975-06-08 02:52:15','2007-12-03 07:09:03'),
('418','Carolyn','Rath','casimir.haley@example.net','1-625-643-3588x25866','2014-04-19 10:03:31','2018-12-27 11:57:52'),
('419','Mallory','Feeney','rkautzer@example.net','+16(8)8981587975','1978-08-17 06:42:11','1984-12-30 21:50:10'),
('420','Arlo','O\'Connell','eliza63@example.org','08933078684','2005-05-17 12:05:40','1987-01-12 17:32:42'),
('421','Fay','Tromp','prohaska.francesca@example.net','1-819-177-2192x277','2003-01-09 03:11:38','2015-09-29 00:06:05'),
('422','Jermaine','Kshlerin','bode.nola@example.com','1-900-063-2737','1971-12-27 22:11:09','1990-10-06 13:17:33'),
('423','Marian','Leuschke','kiara.johnston@example.com','896.802.9185','2001-06-15 00:50:17','2003-09-27 19:40:40'),
('424','Charlene','Marquardt','rachael.dubuque@example.org','+39(8)7780562913','2010-04-15 10:31:18','1976-05-31 10:59:12'),
('425','Camren','Buckridge','keely26@example.net','(496)731-4292x2063','2017-06-14 07:49:14','1986-08-23 09:54:44'),
('426','Jessica','Powlowski','turner.elijah@example.org','614-686-3888','1978-04-22 17:35:56','2000-11-11 10:20:43'),
('427','Lia','Stamm','linwood66@example.org','1-542-100-0909x33268','1970-07-27 06:08:11','1974-07-29 08:55:07'),
('428','Kelli','Macejkovic','alice45@example.net','727.735.8612','1991-05-22 21:09:18','2002-06-01 08:57:05'),
('429','Leatha','Corwin','hward@example.org','(654)199-7025x55251','2008-09-12 16:16:30','1976-07-02 17:47:04'),
('430','Antwan','McDermott','cathryn.langworth@example.net','908.053.5647x3223','1995-04-23 16:53:36','1997-06-15 04:16:38'),
('431','Walter','Larson','kreiger.lew@example.net','173.474.8037x54812','1982-08-02 13:06:37','2002-02-03 21:59:04'),
('432','Khalil','Willms','stokes.stephan@example.net','(862)334-5210','2014-03-03 04:00:12','2019-01-28 16:20:55'),
('433','Selmer','Stracke','gschuster@example.com','(209)804-6560x89842','1973-10-11 02:55:18','2014-06-04 15:41:43'),
('434','Baby','Balistreri','melany.douglas@example.org','101.786.4870x43009','1981-01-30 21:31:29','1972-01-01 00:22:06'),
('435','Rachel','Hermann','roob.viva@example.org','+83(6)5027040750','2003-09-08 13:54:40','1992-01-17 18:31:21'),
('436','Constance','Wisozk','kailyn71@example.com','(204)711-6869','2017-11-11 05:40:22','2008-05-22 08:37:03'),
('437','Emiliano','Gleason','kaitlin12@example.org','(083)858-8060','1997-10-24 00:07:06','1988-02-21 03:06:57'),
('438','Jewell','Schowalter','buckridge.ulises@example.org','635.033.7390x1370','1970-12-22 08:10:26','1997-08-03 05:47:59'),
('439','Dudley','Brown','porter26@example.org','+22(8)9334572452','2019-05-12 02:15:38','1990-04-30 19:59:41'),
('440','Elaina','Ferry','olebsack@example.org','(594)596-3446x484','1977-12-20 19:10:04','2011-03-12 07:42:16'),
('441','Arne','Kuphal','awolf@example.net','(921)589-2132x760','1980-10-24 22:21:23','1982-04-20 08:19:44'),
('442','Kaitlin','Roob','oosinski@example.net','745-707-6297x89889','1978-11-01 15:01:55','1991-05-02 19:38:39'),
('443','Tomas','Gislason','trodriguez@example.com','025.518.1185x02706','2009-11-17 05:52:53','2003-10-02 18:36:59'),
('444','Leola','Huels','abernathy.edmund@example.org','109.833.5163','1999-06-09 05:41:53','1996-02-22 02:15:52'),
('445','Shawna','Schiller','grenner@example.org','771-042-4240','2011-01-10 13:39:49','2017-01-16 15:49:11'),
('446','Bryon','Wuckert','stephany.franecki@example.net','213-523-7861x264','1990-05-27 16:25:34','2008-11-23 14:27:10'),
('447','Brisa','Waelchi','willa.koelpin@example.org','(825)788-9212x468','2016-06-08 12:28:12','1971-10-05 10:44:03'),
('448','Kacey','Altenwerth','brittany.shields@example.net','(059)052-9261x62132','2004-04-01 18:05:13','1995-11-01 02:49:34'),
('449','Keagan','Tremblay','kristofer.tremblay@example.com','(208)412-2585','2004-05-12 21:16:12','2006-06-26 11:26:13'),
('450','Edd','Beahan','itzel.runolfsdottir@example.com','1-647-993-1394','2019-01-06 09:21:08','1988-09-23 19:39:33'),
('451','Morris','Schuster','karina.witting@example.com','822.752.1752','1972-11-22 02:49:49','1998-10-19 05:03:00'),
('452','Jayme','DuBuque','maegan.reynolds@example.net','(273)076-7110x92563','2009-12-11 20:55:37','1994-10-12 23:26:27'),
('453','Priscilla','Bosco','destiny65@example.net','295-500-2743x6324','1984-03-01 03:53:43','2018-06-08 20:24:34'),
('454','Edd','Kerluke','arden.borer@example.net','1-357-836-5977','1998-12-18 10:59:15','1990-12-04 06:59:57'),
('455','Deanna','Bergstrom','ashlynn.dare@example.org','569-908-7170x5617','1993-11-23 06:43:11','1972-09-12 20:33:26'),
('456','Ron','Mitchell','brian.hane@example.org','257-717-8731x312','1997-01-22 06:34:31','2009-04-21 17:52:50'),
('457','Queen','Batz','nova.towne@example.com','(952)978-2821','1990-02-01 16:23:22','1983-04-24 03:25:14'),
('458','Tiffany','Pacocha','janiya.raynor@example.com','07698201847','2004-12-19 13:24:16','2018-12-02 22:25:59'),
('459','Mavis','Von','dicki.hudson@example.com','855-149-1239x4280','2017-03-26 18:23:10','1983-01-09 13:14:17'),
('460','Kariane','Hessel','savion.nolan@example.net','03334598478','2003-07-14 23:55:06','1986-11-17 10:07:37'),
('461','Bennie','Crooks','rolfson.holly@example.net','05323996359','1992-05-27 18:19:18','1974-06-11 22:38:30'),
('462','Orrin','Bruen','mayer.martine@example.net','(413)208-1922','1995-01-26 21:49:19','1979-08-29 18:25:59'),
('463','Jillian','Stanton','ortiz.tyreek@example.com','(623)765-5869x33147','2013-10-08 18:12:40','2010-04-25 02:59:09'),
('464','Allan','Sauer','pfunk@example.org','(892)293-7883','1995-10-17 06:03:57','1985-09-05 17:07:35'),
('465','Blanca','Morar','hahn.ramon@example.com','770-713-2747x6002','2008-09-27 04:42:50','1978-05-24 17:10:31'),
('466','Ciara','Hartmann','herzog.urban@example.org','+78(3)9008852172','2004-10-13 23:51:31','1982-06-03 21:08:48'),
('467','Mona','Bashirian','therese.o\'conner@example.net','1-375-593-3584x1111','2015-01-21 11:34:14','1987-06-20 04:18:46'),
('468','Kenton','Hackett','sheridan46@example.org','09909333043','1987-11-03 15:13:07','1996-07-05 16:21:33'),
('469','Robyn','Wiza','nschmidt@example.org','(170)460-6844','1992-04-27 18:20:44','1982-10-07 03:08:54'),
('470','Francesco','Gleichner','morris26@example.net','02365134732','1987-07-04 15:30:26','1977-10-17 06:40:29'),
('471','Elbert','Lebsack','pete47@example.net','976.391.6533x5785','1978-08-30 14:57:41','1985-12-02 21:54:00'),
('472','Erling','Spinka','cking@example.com','07026158944','1986-07-17 11:03:17','1982-01-28 08:41:52'),
('473','Darian','Zulauf','treutel.allison@example.org','+27(0)0454514744','1996-10-09 13:14:11','2013-02-01 11:29:26'),
('474','Bradford','Fritsch','bschultz@example.org','089-448-9374x08093','2016-12-19 00:54:15','1971-09-01 06:44:09'),
('475','Korey','Wilderman','alfred30@example.net','1-934-276-9078','1989-01-11 02:13:40','1985-05-31 01:37:31'),
('476','Grace','Rosenbaum','awisoky@example.org','04218472580','2019-04-06 21:19:46','1983-09-23 15:16:08'),
('477','Alvina','Heidenreich','garnet13@example.com','725-093-6348','1973-08-16 18:31:12','1979-04-21 11:29:41'),
('478','Meda','Kunze','enid.klein@example.org','242.369.6297','2007-05-12 20:42:55','2001-04-04 04:51:55'),
('479','Lamar','Daugherty','elda76@example.net','1-577-154-2051','1983-09-18 20:22:41','2010-08-05 15:38:05'),
('480','Araceli','Witting','dandre.stokes@example.net','140.452.0106','2007-07-04 06:40:24','2017-08-19 15:58:02'),
('481','Ardith','Cartwright','lavon01@example.net','1-120-552-6260x32877','2002-04-12 08:09:37','1997-04-24 09:32:43'),
('482','Mia','Frami','cecelia.weissnat@example.net','1-014-529-5735x2276','1971-02-03 19:35:20','1985-11-16 20:58:49'),
('483','Kelley','Runolfsson','woodrow.cummerata@example.com','240.254.4659','2016-05-22 13:31:02','1988-04-13 06:23:32'),
('484','Jeremy','Jacobson','hdoyle@example.org','(632)524-1630','2016-09-23 01:34:22','1974-02-11 07:24:08'),
('485','Providenci','West','boyle.river@example.org','466-944-9050x009','2015-10-26 17:26:59','1979-01-23 23:29:18'),
('486','Esther','Jaskolski','lindsay05@example.net','(718)682-5373x943','1977-10-22 22:22:11','1971-10-26 06:36:35'),
('487','Angelo','Crist','kathlyn16@example.org','636-250-2296','2001-12-25 16:21:53','2016-03-12 20:09:15'),
('488','Leonel','Tillman','urban87@example.net','408-751-1253x880','1993-03-11 15:57:07','1999-10-03 05:50:07'),
('489','Freddy','Lang','mhalvorson@example.net','547-186-3454','1977-01-31 13:42:24','1998-08-11 01:28:20'),
('490','Pascale','Bergnaum','ottilie48@example.net','(201)412-7304','1978-06-01 17:42:24','2003-12-08 21:36:52'),
('491','Kasandra','Smith','bode.otto@example.com','598.110.3442x99079','1973-11-05 20:32:34','1979-05-15 01:10:44'),
('492','Cole','Bauch','elnora27@example.net','1-074-464-1296','1988-01-19 22:09:55','1993-02-23 23:29:23'),
('493','Alysha','Orn','kirlin.helena@example.com','1-146-616-4968x57567','2010-08-17 21:41:50','1978-07-01 09:17:46'),
('494','Abner','Labadie','cathy98@example.net','(535)151-8200x757','2011-09-22 13:28:34','1988-09-30 00:08:36'),
('495','Camden','Rempel','uriah.bartoletti@example.com','+01(4)7010409714','1970-07-17 11:09:22','1977-08-16 21:50:22'),
('496','Grant','Bosco','rudolph.terry@example.com','343.398.3010','2014-05-25 22:46:12','1993-01-24 14:56:14'),
('497','Vallie','Kris','huels.brennon@example.org','(085)945-1579x20227','2002-10-08 05:56:29','1980-12-11 03:30:15'),
('498','Lee','Lowe','kane92@example.com','696.196.4399','2000-10-01 22:50:04','1985-08-10 17:04:57'),
('499','Jazmyn','Abernathy','talia07@example.org','261.828.0835','1980-12-23 20:32:30','1986-01-25 17:09:40'),
('500','Daisy','Fisher','davon78@example.net','050.054.5077x84550','2000-09-11 00:34:48','2017-02-11 18:48:27'),
('501','Tremayne','Hoeger','aron.lang@example.org','184.315.7840x9946','1982-04-16 00:09:26','2010-12-08 03:50:02'),
('502','Richie','Ankunding','herzog.retta@example.org','1-988-067-9224','1985-10-27 09:34:46','2003-11-02 14:03:51'),
('503','Coby','Bernier','tklein@example.net','666-741-4816x976','1978-07-08 09:34:06','2016-11-05 15:10:12'),
('504','Lucie','Kuhn','brice88@example.com','1-542-875-6694x29593','2012-09-26 22:20:35','1977-12-26 03:23:07'),
('505','Gaston','O\'Keefe','nia.jacobson@example.net','(907)529-1694','2004-12-26 17:45:03','2000-04-05 09:03:44'),
('506','Destiney','Klein','kovacek.donnell@example.net','694.935.6107x80995','2014-07-21 23:11:43','1974-07-30 15:38:25'),
('507','Danika','McGlynn','lehner.ursula@example.net','053-206-2878','1996-10-15 11:43:12','1994-02-11 18:19:49'),
('508','Barrett','Baumbach','ervin.watsica@example.net','1-973-293-9255x1596','2016-06-05 10:02:31','1984-01-27 14:33:24'),
('509','Akeem','Abernathy','lang.nelda@example.org','1-714-038-0873','1982-02-18 20:15:35','2011-05-21 17:46:08'),
('510','Andreanne','Lowe','mccullough.nickolas@example.net','1-134-546-4949','2015-01-15 12:57:44','2017-03-01 09:39:09'),
('511','Lorna','Kautzer','bins.saige@example.org','(021)776-1244x206','1992-07-11 06:50:36','1985-06-14 10:04:36'),
('512','Carlo','Rippin','clovis.cummings@example.org','(069)887-9944x6317','2011-12-06 17:52:32','1976-09-02 15:09:45'),
('513','Zoie','Jacobson','mccullough.bennie@example.org','(407)740-9355','1999-01-13 11:13:00','2003-12-12 21:57:00'),
('514','Edyth','Harris','noah.nienow@example.net','1-124-797-0538x336','2007-02-04 05:44:05','1972-07-26 20:44:00'),
('515','Ahmad','Gerlach','tad.reynolds@example.net','1-480-568-3373','2011-03-19 20:37:02','1993-09-06 09:37:28'),
('516','Kaelyn','Fahey','rolfson.makenzie@example.net','+64(2)2959538913','1978-07-28 03:31:46','2015-08-02 12:27:38'),
('517','Willie','Muller','bbrekke@example.org','+10(2)1583734060','2003-05-31 11:48:20','2018-07-13 13:47:18'),
('518','Roselyn','Boyer','nick.powlowski@example.org','08384796457','2009-08-17 20:14:29','2010-02-23 16:05:36'),
('519','Melyssa','Boyle','silas.robel@example.com','431-453-6458','2006-11-15 19:00:23','2006-09-24 00:16:56'),
('520','Brendan','Marks','gcorwin@example.net','(281)278-8773x0031','1985-03-06 03:58:08','2017-07-08 23:21:44'),
('521','Barton','Kuhlman','britney.herman@example.com','143.633.6825x06795','1988-05-25 02:11:58','1981-10-19 11:53:25'),
('522','Dessie','Howe','adrain.barrows@example.net','121-718-6025x677','2013-10-03 17:17:28','1976-05-05 01:34:07'),
('523','Bernardo','Ziemann','mayer.zoe@example.net','340-559-3381','1971-09-13 03:17:49','2004-09-04 20:38:58'),
('524','Jaquelin','Leuschke','lea33@example.org','(224)525-4178x67742','2013-06-24 13:08:02','1993-08-24 22:47:46'),
('525','Prudence','Windler','ro\'connell@example.net','250-853-7419x133','1974-01-25 04:41:57','2015-05-11 12:27:42'),
('526','Lucius','Hilll','pschmidt@example.net','+09(6)4622014928','1989-11-23 06:10:05','1994-09-05 11:12:16'),
('527','Aglae','Simonis','austin.wilkinson@example.org','918.538.2502x58635','1990-04-26 16:09:24','1975-04-30 19:50:10'),
('528','Devin','Harvey','olind@example.net','+00(5)5488487226','2016-05-16 12:43:21','1974-02-14 21:47:01'),
('529','Estella','Schmidt','qhalvorson@example.net','853-468-9507','1979-02-12 19:59:57','1976-10-11 10:29:49'),
('530','Adelle','Gutkowski','tara86@example.net','304-216-6821x13073','2011-11-17 12:41:33','1984-04-08 05:58:32'),
('531','Angelita','Greenholt','malcolm.cormier@example.org','766-275-5481x23559','1971-05-13 00:22:30','1986-08-16 09:41:27'),
('532','Dedric','Jones','joaquin28@example.com','644.481.7948','1996-11-05 01:06:49','2007-10-10 13:39:43'),
('533','Darby','Lind','emmitt.conroy@example.com','594.755.0402','2009-07-31 20:26:04','1974-03-15 16:54:34'),
('534','Tess','Jaskolski','ezra63@example.org','(742)856-2531x904','2018-07-03 09:47:26','1990-09-28 12:09:00'),
('535','Vicky','Schmidt','aiyana69@example.com','997.296.6615x0953','2004-04-23 12:22:19','2015-07-02 12:35:38'),
('536','Rashad','McLaughlin','conor.greenholt@example.com','(982)567-4211x1871','1978-11-13 14:40:14','1997-09-16 14:36:30'),
('537','Ayla','Zieme','elfrieda89@example.net','133-135-3174','2004-08-13 22:34:31','2014-03-19 14:13:19'),
('538','Waino','Schuppe','kohler.abigail@example.org','654-359-0398x416','2017-12-28 20:08:32','1984-10-17 00:18:31'),
('539','Princess','Pagac','elliot34@example.com','(588)314-5757x293','2001-03-14 17:24:00','2000-07-27 23:06:37'),
('540','Ezequiel','Bogan','bettie42@example.org','241-996-7642','2010-12-11 17:20:47','2003-09-15 10:49:13'),
('541','Juwan','Smith','shaylee.stehr@example.org','1-329-910-9817x2104','1998-06-17 00:04:29','2013-03-31 03:18:37'),
('542','Wallace','Labadie','ctrantow@example.net','(481)799-1316','1995-08-07 01:31:09','1989-09-26 22:23:32'),
('543','Kiarra','Harvey','spencer.marisol@example.org','+20(5)1038050448','1983-03-25 21:03:36','1977-11-05 00:57:03'),
('544','Tyrese','Cruickshank','hermann.anjali@example.org','(645)765-8029','1995-03-20 23:49:06','1978-12-20 14:48:14'),
('545','Louisa','Breitenberg','green.dalton@example.net','04877838208','2014-10-20 04:50:43','2012-07-04 23:58:18'),
('546','Lois','Lakin','elton.lind@example.com','495-572-1121x16571','1987-01-02 04:21:13','2010-03-13 12:57:20'),
('547','Kylie','Bogan','lswaniawski@example.com','(851)551-8743','1978-04-25 15:43:25','2002-05-28 20:25:34'),
('548','Maryse','Hamill','rachelle.dietrich@example.net','744.877.0254x473','2016-08-15 06:55:26','1992-08-29 22:27:53'),
('549','Aurelie','Turcotte','emueller@example.com','021-686-6906','2019-02-09 17:11:37','1981-02-03 18:51:15'),
('550','Brooks','Gerhold','tcorwin@example.com','179.421.1833','1976-09-06 04:39:02','1973-06-21 17:48:36'),
('551','Isac','Bosco','morissette.leatha@example.org','135-835-8003','1994-01-27 10:27:00','1988-11-29 14:37:52'),
('552','Lola','Runolfsson','tyrel.kemmer@example.com','1-862-538-4145x22143','2009-08-08 03:57:38','1981-11-20 14:18:36'),
('553','Jennie','Paucek','muller.janice@example.net','(994)374-1703x9209','2002-02-23 03:25:51','2005-02-25 10:01:58'),
('554','Carmela','Keeling','fmurray@example.org','1-350-271-2680x71517','1976-08-31 07:08:45','2016-06-27 12:19:37'),
('555','Jeanne','Rolfson','kiarra60@example.com','087.416.4104x038','2008-02-06 15:09:18','1970-04-21 15:47:53'),
('556','Dahlia','Rosenbaum','iva16@example.com','(776)351-5034','1992-04-15 18:33:11','2015-01-20 14:28:04'),
('557','Charley','Carroll','crystal.weissnat@example.org','1-138-976-1078x0906','1989-01-21 22:29:34','2002-02-20 08:33:07'),
('558','Orin','Bernhard','hbartell@example.net','+46(2)0630380941','2007-06-09 13:25:30','2007-09-06 02:41:59'),
('559','Alana','Kautzer','vgoldner@example.net','294.825.2339x366','1983-08-03 10:33:20','1981-02-12 11:15:12'),
('560','Noe','Rice','ywest@example.net','1-266-017-7395x7414','2000-11-20 01:42:12','2003-04-24 04:38:42'),
('561','Paris','Quigley','selina79@example.net','325-360-4764','2015-09-19 02:41:39','2012-01-28 00:21:55'),
('562','Easter','Abshire','elsa.bashirian@example.net','724-430-9029x6992','1980-09-18 01:46:58','1974-04-13 00:54:06'),
('563','Selena','Kohler','santiago.ankunding@example.net','1-801-520-0291x7451','1974-02-13 03:05:08','1983-09-12 12:13:46'),
('564','Laurine','Kris','cole57@example.com','806-959-8425x30075','2002-08-03 17:58:08','1973-09-23 04:27:19'),
('565','Lafayette','Hessel','omari01@example.org','627-805-2287x38823','1998-03-11 05:08:33','1992-12-11 19:51:43'),
('566','Lydia','Kuhlman','mae.conn@example.com','439.724.3987x5061','2016-12-28 23:20:26','2018-03-24 01:23:19'),
('567','Al','Botsford','camren.ortiz@example.com','(619)212-5091x962','2008-09-16 19:47:28','2000-07-12 16:09:46'),
('568','Jovanny','Will','cleuschke@example.net','756.539.5025x9851','1995-12-31 21:16:20','1982-07-17 17:57:52'),
('569','Nicklaus','King','berge.darius@example.com','(276)356-6324x96979','1989-06-18 12:38:33','1997-06-11 22:24:41'),
('570','Jennie','Spinka','fhermann@example.org','408-471-3616','1991-02-05 00:58:39','1982-05-14 16:47:01'),
('571','Alberta','Olson','june.denesik@example.org','028-224-9915x53378','1979-04-21 11:44:41','1988-12-24 19:21:08'),
('572','Lavern','Parisian','treva58@example.com','753.563.3302x42553','1980-10-25 11:52:37','1982-09-10 12:16:58'),
('573','Nyasia','Dach','casandra.gerlach@example.com','+05(4)5020458164','1993-06-16 19:44:42','2007-07-27 11:48:11'),
('574','Bailey','Olson','lelah47@example.org','1-963-758-7690x5923','1981-12-18 23:08:28','2002-10-24 17:58:36'),
('575','Kaela','Larkin','reta.o\'reilly@example.com','+08(0)0660162199','1999-07-31 15:34:21','1994-04-14 10:22:16'),
('576','Julien','Hoeger','brown.abigayle@example.com','1-610-045-5537','1982-05-06 01:22:31','2001-09-22 21:02:48'),
('577','Damion','Braun','mikayla.fisher@example.org','+95(2)1592734088','1979-11-06 22:07:34','1986-07-24 22:18:22'),
('578','Ned','Gaylord','bosco.sherman@example.org','1-474-806-4099x1847','1970-02-09 19:41:20','2011-04-12 03:46:55'),
('579','Presley','Roob','rowan56@example.net','(595)904-6536x082','1973-10-19 14:28:03','2001-07-04 02:50:39'),
('580','Georgianna','Mills','chauncey48@example.net','+79(0)5165154589','2010-03-12 01:51:00','2001-10-24 09:24:41'),
('581','Greyson','Wuckert','whessel@example.org','(625)593-6436x43156','2003-10-06 00:43:45','1974-10-09 08:01:38'),
('582','Winona','Feeney','sonia17@example.net','1-196-074-5524','1996-01-26 23:52:35','1982-05-20 18:46:28'),
('583','Quinn','Wyman','freida.erdman@example.com','162-714-0650','2004-11-27 07:37:55','1974-05-01 18:22:53'),
('584','Arden','Raynor','anabel22@example.org','(893)359-4605x94567','1977-10-11 16:31:45','1987-04-08 18:39:33'),
('585','Lauriane','Kozey','harmony.wilderman@example.org','07202666284','1973-06-10 10:09:21','2016-02-24 15:00:09'),
('586','Shanel','Lindgren','co\'connell@example.net','572.560.5639','1975-01-02 13:52:48','2000-11-13 23:36:46'),
('587','Luella','Gislason','cruickshank.teresa@example.net','709.134.3260x548','1994-01-29 23:54:08','1974-10-30 15:05:18'),
('588','Arlene','Beahan','hills.junius@example.com','239.717.7828','2003-08-15 19:43:43','2003-01-23 10:38:03'),
('589','Russel','Kuhic','morissette.marilie@example.com','707.884.2828x40718','1972-06-21 01:04:37','2007-10-17 11:51:48'),
('590','Collin','Hermiston','greta22@example.org','(353)681-2273','1989-12-21 11:11:38','2012-05-11 05:33:15'),
('591','Stephany','Gerhold','gerhold.sage@example.org','1-437-424-4768x00077','1977-10-04 03:12:51','2011-09-25 01:57:18'),
('592','Clay','Windler','price.adam@example.com','321.354.8289','2008-08-15 00:50:11','1997-05-19 08:21:46'),
('593','Gia','Reinger','nathaniel.rohan@example.com','(818)479-7440x17131','2009-07-28 14:19:57','1988-12-29 18:42:49'),
('594','Janiya','Pouros','dahlia.nitzsche@example.net','1-349-312-3075x2732','2010-11-04 13:06:14','1978-07-13 10:07:10'),
('595','Tony','Muller','humberto.dietrich@example.net','074-017-1715x7244','2017-03-25 17:56:36','2000-06-07 22:42:38'),
('596','Hulda','Langosh','donnie85@example.com','(193)583-0664x3967','1973-10-29 18:47:01','1980-06-16 20:03:32'),
('597','Casimir','Wunsch','keenan.goldner@example.com','626.775.5630','1991-04-02 09:06:46','2011-06-09 09:29:12'),
('598','Dayton','Schneider','tschumm@example.net','043.806.0734x32925','1998-05-28 22:50:12','2016-01-28 05:13:14'),
('599','Abigale','Conroy','elyssa48@example.com','1-361-908-2841x972','1982-11-03 18:43:12','1989-04-25 09:08:03'),
('600','Evalyn','Smith','stark.samantha@example.org','468-502-1124','1977-05-03 13:18:29','1990-11-05 00:48:31'),
('601','Carroll','Padberg','kboyer@example.com','306.922.8146x8680','1977-10-08 10:28:35','1995-02-11 18:29:15'),
('602','Garfield','Pacocha','konopelski.ettie@example.com','772.237.2507','1980-04-26 23:03:50','1988-04-27 19:55:18'),
('603','Cullen','Wehner','stroman.kailyn@example.org','1-476-678-7408x0868','2003-12-19 17:00:56','2018-06-28 07:35:21'),
('604','Kamren','Powlowski','gage78@example.org','(730)490-5023x24889','1992-03-08 15:50:28','1993-01-11 23:41:02'),
('605','Ben','Pagac','renner.mina@example.com','162-613-0879x254','2015-05-28 11:03:26','1975-08-27 01:09:38'),
('606','Maritza','Graham','winnifred.carter@example.org','572-360-9970x9419','1972-08-30 21:56:43','1985-03-21 23:30:04'),
('607','Arlene','Hartmann','lswift@example.net','933.167.3620','2011-09-15 19:54:13','1995-03-13 14:19:01'),
('608','Alvena','Zemlak','langworth.roxanne@example.org','1-189-512-7105','2018-12-09 10:43:05','1970-12-06 14:29:26'),
('609','Matilde','Dibbert','hilda.braun@example.com','08570348152','2015-04-14 02:42:05','2012-06-12 08:45:24'),
('610','Anthony','Rohan','lbernier@example.org','(924)253-1882x8933','2000-09-22 08:18:41','1980-03-05 02:25:18'),
('611','Oma','Hilll','marianna.dooley@example.com','1-348-490-2934x3552','1976-11-02 05:20:51','1970-01-24 03:24:27'),
('612','Emil','Jast','pschinner@example.net','(736)391-4113x729','2014-09-29 15:20:47','2018-01-04 16:51:46'),
('613','Kirk','Nicolas','athena64@example.org','1-381-142-2764','1980-05-22 04:22:02','2004-02-02 05:08:23'),
('614','Riley','Rogahn','joe.nader@example.net','01699958598','1989-02-11 19:22:32','1995-06-26 00:27:05'),
('615','Ashlee','West','jacklyn.gutmann@example.com','1-542-101-1046x3036','1981-12-12 12:22:44','1994-04-10 13:34:03'),
('616','Shad','Bashirian','cronin.jeanne@example.com','476-649-6376','2006-01-21 13:15:01','1986-06-15 02:52:35'),
('617','Schuyler','O\'Connell','annabel.von@example.org','692-869-9068x7728','1994-11-22 11:48:59','2008-06-10 14:29:16'),
('618','Milford','Langosh','chloe.kozey@example.net','672.423.2434','1990-08-19 12:44:24','1992-03-21 04:04:22'),
('619','Emmet','Langosh','sschulist@example.org','+24(6)9677061493','1981-02-22 13:45:18','2019-07-03 02:49:22'),
('620','Nya','Durgan','gutkowski.madison@example.org','02170496006','2002-10-22 10:07:31','1974-12-12 03:14:08'),
('621','Earlene','Klocko','murphy.conroy@example.com','524-500-8184','2010-10-24 12:44:17','1973-02-05 05:13:08'),
('622','Randy','Boyle','corkery.maeve@example.net','(594)809-9478x0227','1981-09-25 15:45:08','2017-02-16 21:46:20'),
('623','Otho','Kub','orn.itzel@example.org','140.554.0965x4361','1980-09-16 05:10:04','1987-06-25 00:20:50'),
('624','Audreanne','Harris','maryam02@example.org','446.018.4726x208','2019-03-20 01:25:41','2015-07-27 06:09:05'),
('625','Gerry','Reichert','dakota.leuschke@example.com','(806)255-1545x9007','1981-01-28 09:33:46','2008-09-21 05:13:42'),
('626','Hermann','Bins','ykemmer@example.com','847.777.0114','1995-08-19 22:21:40','1995-07-16 19:55:36'),
('627','Fanny','Monahan','lela.wuckert@example.com','296.207.6436x901','1990-08-27 15:11:12','1988-03-19 22:06:49'),
('628','Willard','Trantow','yrippin@example.org','08171587654','2014-12-30 03:24:28','1970-11-18 18:53:28'),
('629','Erik','Oberbrunner','haag.diamond@example.net','1-806-033-6923','1989-11-25 13:09:47','2014-04-20 01:26:45'),
('630','Cecilia','Larson','sandrine.dickinson@example.net','531.046.2194x0468','2004-01-13 15:04:12','2017-12-29 10:58:46'),
('631','Hans','Pfeffer','christina.feest@example.net','394-314-7751','1970-10-10 16:53:22','1976-08-20 16:04:10'),
('632','Dwight','Shanahan','fmcclure@example.com','813.863.2606','1988-01-24 00:38:21','2018-05-18 13:46:56'),
('633','Jamie','Schmitt','bartell.ida@example.net','266.508.5956x1913','1971-01-31 17:11:24','1984-12-07 02:04:19'),
('634','Coralie','Koch','rstoltenberg@example.com','03555003059','1992-04-20 01:09:14','2001-03-08 16:02:50'),
('635','Eriberto','Nitzsche','donnell20@example.org','1-142-499-3061x49759','1973-08-08 01:29:42','2009-07-24 03:49:35'),
('636','Erin','Dach','nico.labadie@example.net','508-731-1873','1986-11-24 12:01:58','2018-08-21 16:38:12'),
('637','Isaiah','Kassulke','metz.reyes@example.org','(978)696-0553','1981-11-05 21:15:32','2013-05-10 02:40:58'),
('638','Destany','Harber','rlang@example.com','264.888.0133x73675','1988-03-30 21:00:42','2009-07-10 15:51:05'),
('639','Monserrate','Turcotte','greichert@example.net','930-120-4662x1755','1995-09-17 22:39:09','1982-11-05 06:34:22'),
('640','Marcia','Ritchie','vhowe@example.org','030.911.0884x6447','2016-02-22 10:16:58','1984-07-22 09:15:15'),
('641','Ebony','Beier','magdalen76@example.org','(049)162-4031x05058','1998-07-14 06:17:50','2018-09-17 09:55:00'),
('642','Judah','Wilkinson','friesen.kristian@example.com','(843)570-1754x2351','1994-03-16 12:11:52','2017-03-04 00:48:24'),
('643','Rowan','Kshlerin','valerie.witting@example.net','00784330851','1999-09-26 03:22:48','1989-08-24 20:57:49'),
('644','Juwan','Wunsch','tremblay.deangelo@example.com','1-059-887-0709','1989-09-28 08:10:14','2002-05-29 02:45:15'),
('645','Jennyfer','Hoppe','desmond03@example.com','190-189-4908x89277','1992-12-10 22:13:44','1993-12-26 17:09:29'),
('646','Richard','Thiel','gladyce51@example.org','1-202-740-5643x4504','1976-10-06 20:33:42','2019-05-02 02:59:30'),
('647','Madie','Streich','kling.celia@example.org','08556135193','1996-09-26 23:15:30','1990-06-18 18:29:19'),
('648','Lucas','Wilderman','brandyn71@example.net','960-314-4299x95974','1997-09-02 07:06:12','1993-09-20 11:50:45'),
('649','Lorine','Vandervort','americo46@example.org','451-021-7283x26695','2006-09-28 07:20:55','2016-02-08 11:29:21'),
('650','Mariela','Bergnaum','keara.skiles@example.org','092-319-5650x536','1988-08-12 00:14:48','1992-10-02 13:56:57'),
('651','Adolph','Thompson','lryan@example.com','(455)791-4785x02602','1990-08-07 00:39:57','1988-05-08 00:24:44'),
('652','Carmen','Kreiger','rrussel@example.net','1-523-769-7769x8944','2010-01-08 20:53:16','1982-04-02 10:08:57'),
('653','Maynard','Schaefer','francis.quigley@example.org','+39(2)2235972225','2013-10-23 00:16:03','1995-09-18 11:08:20'),
('654','Kathleen','Blick','cali31@example.org','374-757-2784x8530','1993-07-11 02:25:40','1979-11-21 08:17:35'),
('655','Maximillian','Bosco','bailey67@example.com','908-109-8855','1993-04-14 07:27:37','2012-04-19 10:26:09'),
('656','Amiya','Bergstrom','ibogisich@example.com','08220109896','1979-04-23 14:50:52','2017-01-01 09:30:13'),
('657','Geovanni','Dooley','buck88@example.com','04934097823','1990-11-13 05:42:49','1995-01-13 04:23:35'),
('658','Sylvester','Cole','alisha.schmeler@example.org','648-225-9491','2006-05-13 01:57:00','1992-04-29 02:06:41'),
('659','Destini','Fay','reva61@example.net','158-974-5516','1992-03-10 12:20:50','1981-06-01 21:48:11'),
('660','Karl','Cassin','izaiah01@example.net','835-222-3716x170','2002-09-19 08:46:21','1983-01-26 23:15:22'),
('661','Sierra','Jakubowski','cristobal.stanton@example.com','(695)825-8748x274','1992-08-13 11:56:30','1996-12-23 15:17:10'),
('662','Scarlett','VonRueden','xleannon@example.org','(526)122-7739x430','1979-10-26 23:40:56','2017-06-30 23:15:50'),
('663','Stacey','Okuneva','ekassulke@example.com','(234)840-6320x6502','2003-10-16 14:58:47','2012-04-20 17:35:00'),
('664','Dahlia','Bergstrom','johnpaul.bayer@example.com','922.712.9055x9782','1984-04-06 17:52:29','1988-10-04 09:03:22'),
('665','Jaren','Orn','rowe.heber@example.org','(622)152-3056x4173','2009-04-07 02:14:04','2014-10-07 15:26:58'),
('666','Sam','Adams','ebraun@example.net','377-300-3126x807','2007-03-12 00:44:54','2015-10-30 17:18:10'),
('667','Imani','Hoppe','klocko.alayna@example.org','+07(4)7774407634','1995-06-21 03:37:33','1986-12-16 12:18:11'),
('668','Amie','Renner','samara.cassin@example.com','07594278202','2009-06-09 06:05:26','1976-03-10 22:22:02'),
('669','Mina','Bechtelar','schuster.lawrence@example.org','668-114-6250','1974-10-17 19:15:32','2016-05-02 03:49:53'),
('670','Edd','Crist','dillan.o\'keefe@example.org','535.438.3036x478','1983-08-19 18:16:55','1973-03-28 11:57:04'),
('671','Annamae','Gerlach','damion15@example.com','(183)076-0464x89666','2001-08-12 09:58:44','1997-02-09 01:54:14'),
('672','Virginie','Leuschke','agustina40@example.com','845.556.7458x8324','2011-10-14 06:41:02','1973-02-12 02:33:09'),
('673','Ned','Smith','braden20@example.org','1-787-676-7929','2004-08-17 20:07:11','2017-09-08 00:56:55'),
('674','Nasir','Hahn','rrunolfsdottir@example.net','1-421-241-0120x9075','1973-04-05 04:36:45','1992-02-02 19:33:10'),
('675','Kassandra','Stroman','rbatz@example.net','1-635-895-7304x49579','2008-11-09 20:42:17','2001-02-06 01:21:49'),
('676','Earlene','Erdman','earnestine.jast@example.net','569.308.5144x6429','1973-05-07 08:19:42','2017-04-21 04:16:47'),
('677','Arjun','Koepp','smitham.ivory@example.org','(253)844-5859x2100','2000-05-01 06:14:57','1998-05-17 00:12:20'),
('678','Ahmed','Schroeder','wolf.jamar@example.org','1-290-002-3757','2002-06-01 10:24:31','1996-03-06 13:19:03'),
('679','Reinhold','Ebert','vhartmann@example.net','(420)101-8353x555','1975-06-06 04:12:26','2006-03-03 04:08:33'),
('680','Rowan','Wuckert','rachel99@example.org','(889)550-2355','1997-01-14 04:36:50','2003-04-28 03:40:24'),
('681','Antone','Hamill','mraz.domenic@example.com','(347)342-1481x69904','1990-09-19 18:11:57','2004-05-10 22:13:55'),
('682','Serenity','Prosacco','bert32@example.com','532.939.4463','1985-09-22 10:09:31','1977-09-15 03:45:53'),
('683','Myrtice','Funk','kmante@example.com','(312)990-8240','1996-08-10 13:18:26','1984-09-30 15:18:03'),
('684','Lois','Funk','veda13@example.net','(399)862-1761','1988-06-01 19:18:21','2001-10-01 17:29:33'),
('685','Baron','Nicolas','idietrich@example.org','724.425.5050x4762','1991-11-19 12:53:44','2002-08-28 10:54:05'),
('686','Rhea','Koch','wspinka@example.com','(778)421-2638','1979-05-16 20:55:07','1997-01-31 06:40:55'),
('687','Catherine','Sporer','qschamberger@example.org','(845)966-8608x2205','1977-03-24 23:28:33','2001-01-05 14:31:37'),
('688','Adell','Nienow','peyton35@example.org','1-642-542-3086','1986-08-20 20:23:16','1993-03-19 17:40:03'),
('689','Devonte','Marquardt','predovic.alfonzo@example.org','992-253-9994x6885','2007-09-08 15:22:46','2017-05-31 14:15:43'),
('690','Darwin','Kihn','solon17@example.com','239.892.4842x73238','1970-04-03 15:24:07','1992-10-07 15:35:53'),
('691','Frank','Roberts','czieme@example.org','(465)395-5203x054','2011-07-26 09:57:49','1991-12-13 04:52:46'),
('692','Chad','Kub','hegmann.edwin@example.org','015.101.8012','1972-10-05 18:22:04','1993-09-27 02:32:15'),
('693','Oran','Kuhn','cornell92@example.com','789.737.6756x117','1997-10-10 20:08:37','1999-08-04 12:09:35'),
('694','Rusty','Kunde','schaden.mervin@example.net','(613)239-7930','1987-08-05 08:32:18','2017-01-22 05:21:56'),
('695','Tevin','Lebsack','kunde.gabriel@example.net','1-278-738-5863x71885','1987-08-04 17:54:45','1988-02-18 22:12:36'),
('696','Chloe','Wisozk','walter.eladio@example.com','1-919-257-1448x84320','1997-04-29 18:34:46','1985-09-16 22:09:06'),
('697','Vance','Rowe','lehner.eldridge@example.com','892-478-5893x539','1978-07-03 00:34:40','2014-07-04 16:00:04'),
('698','Tito','Volkman','katrina.schaden@example.com','1-198-647-1942','1971-10-26 14:52:05','2014-03-13 12:59:18'),
('699','Alexa','Kirlin','jordon06@example.com','+19(9)8588007473','2005-01-26 12:32:29','2003-04-19 01:29:26'),
('700','Ona','Reichel','nbosco@example.org','336.452.9877','2008-03-13 04:15:28','1973-11-21 08:57:28'),
('701','Addie','Jakubowski','ruecker.candida@example.com','+47(3)7705791710','2004-12-18 07:57:05','1989-01-04 21:25:05'),
('702','Rashawn','Hartmann','gorczany.hobart@example.net','1-023-293-7080x38540','2007-11-05 10:17:32','2001-06-12 02:20:46'),
('703','Kailee','Ebert','stanton.georgianna@example.com','(339)500-2994x379','2004-04-27 13:52:57','2010-04-11 22:40:03'),
('704','Tyrell','Gislason','rosella.boehm@example.net','1-986-155-1086','1995-03-30 08:05:00','1971-05-01 10:30:14'),
('705','Clarabelle','Collins','xortiz@example.com','576-875-8700','1989-01-18 11:58:42','1970-06-23 13:57:18'),
('706','Keven','Gusikowski','bolson@example.com','03299732213','1986-10-15 18:43:16','2018-04-27 15:15:24'),
('707','Kory','McLaughlin','bechtelar.enrique@example.net','016-904-9410','2018-12-24 15:03:39','1970-08-21 19:33:04'),
('708','Felipe','Hamill','jakubowski.prudence@example.org','1-311-535-0106x5717','1991-01-09 17:51:34','2012-11-30 23:36:54'),
('709','Nelda','Hane','o\'kon.liliane@example.com','1-483-000-7938x6829','2017-10-08 09:52:08','2003-07-25 12:39:22'),
('710','Laurine','Olson','harrison.roob@example.org','972-435-3402x4988','2007-01-29 16:22:26','1992-05-29 21:38:13'),
('711','Thomas','Windler','mraz.danika@example.net','846-077-9132','1979-05-17 01:14:05','2011-08-22 15:09:18'),
('712','Jonathan','Tromp','kody54@example.net','1-341-164-2440x154','1983-02-28 09:19:56','1981-02-07 10:34:46'),
('713','Kennedi','Sipes','qschoen@example.net','+52(0)3018397636','2016-06-11 00:26:30','1990-06-03 23:15:20'),
('714','Gregory','Schimmel','boehm.ron@example.net','(425)186-9952','1979-08-27 09:10:04','1982-11-19 03:48:15'),
('715','Jabari','Zboncak','evangeline89@example.com','(260)154-5191','1975-05-05 09:18:11','2011-09-30 06:21:52'),
('716','Ophelia','Collier','gilbert.morissette@example.net','(331)149-4324x8808','2007-05-19 17:34:37','1975-03-22 15:12:25'),
('717','Eudora','Smith','charity08@example.com','491.055.0761x23971','2003-01-01 02:25:38','1994-12-24 23:41:14'),
('718','Candida','Balistreri','greenholt.gabriel@example.com','1-547-043-3824','2002-07-02 14:37:48','2003-10-25 14:38:02'),
('719','Rosemary','Lesch','osinski.devin@example.com','1-716-020-8793','2002-09-10 11:58:37','1982-06-26 13:10:24'),
('720','Evie','Thompson','johnson.krystel@example.net','1-459-184-6365','1997-02-25 17:34:53','1970-01-02 08:51:18'),
('721','Graham','Abbott','era.ward@example.org','613-630-6157x3557','1984-07-09 07:56:28','2009-07-31 02:39:37'),
('722','Manuela','Hahn','avis.dach@example.net','03165886863','2009-11-14 07:02:27','1990-11-04 07:13:44'),
('723','Alfreda','Howe','scarlett23@example.com','787.773.5597x00877','1984-05-25 20:12:28','2000-02-21 18:14:06'),
('724','Julia','Schulist','olaf01@example.com','867.939.6079','1978-06-22 13:30:54','1993-04-24 14:02:13'),
('725','Jarred','Schowalter','pearline.feil@example.net','(639)637-1776x110','1972-01-18 08:05:54','2019-04-13 20:41:04'),
('726','Triston','Sauer','borer.jordane@example.com','(571)373-5305x52594','1979-06-05 16:07:26','1979-12-11 10:32:05'),
('727','Darien','Beer','rice.lucienne@example.net','084.731.0333','1978-11-25 16:19:24','1983-09-02 10:11:47'),
('728','Teresa','Reynolds','sigmund39@example.com','160.318.6731','2018-07-20 17:15:08','1988-02-28 14:59:59'),
('729','Marcia','Herzog','fadel.reinhold@example.net','730-104-3103','2010-12-25 08:02:48','2007-04-24 13:47:16'),
('730','Grace','Mayert','joana62@example.net','(278)957-7867x657','2012-12-05 05:39:21','1997-10-19 20:20:31'),
('731','Flavio','Schimmel','mosciski.ora@example.com','032-407-0908x7785','1981-03-11 06:40:33','1992-12-17 05:44:33'),
('732','Robyn','Nitzsche','pkshlerin@example.org','887-468-0711x38141','2019-02-08 18:50:21','1991-07-09 08:15:59'),
('733','Audreanne','Veum','donavon56@example.org','1-180-187-3341x80770','2014-03-18 07:05:29','2007-03-10 16:04:18'),
('734','Dayna','Leffler','bklocko@example.com','(139)607-4440x87814','2001-11-28 15:50:06','2005-06-04 20:03:57'),
('735','Kip','Windler','nrath@example.com','540-031-2559x8644','1983-02-28 22:53:59','2017-12-04 00:46:49'),
('736','Lyda','Goldner','pagac.barney@example.net','01474488688','1996-03-24 07:16:14','1994-08-08 06:04:56'),
('737','Marilyne','Dare','fanny.runolfsson@example.com','(243)181-9201','1988-03-27 11:48:18','1971-05-16 16:24:05'),
('738','Sydney','Okuneva','charity.will@example.com','(387)646-8914','1990-12-13 00:24:09','2013-09-26 08:03:41'),
('739','Jazmyne','White','erdman.nikki@example.net','02905091519','1980-02-04 15:57:56','1984-02-14 04:18:14'),
('740','Oliver','Mitchell','ztowne@example.com','+51(0)9032503451','2013-04-28 10:04:19','1989-07-20 03:06:01'),
('741','Stephania','Tromp','xbuckridge@example.org','631-324-3378x3001','1973-06-29 16:32:39','2004-01-10 09:43:24'),
('742','Dana','Bernier','stamm.audreanne@example.net','(912)804-8586x8044','2014-11-07 19:19:11','2013-10-17 20:45:18'),
('743','Adam','Weissnat','orland.gutkowski@example.net','225-360-5651','2015-07-28 16:06:29','1984-11-21 13:21:23'),
('744','Joel','Witting','upton.floy@example.org','(432)074-0028','1991-04-04 06:12:18','1973-06-29 14:46:53'),
('745','Golden','Kutch','vicenta96@example.org','(193)246-8925x203','1986-08-29 02:48:03','1997-07-16 10:01:23'),
('746','Haylee','Kunde','schaefer.lera@example.com','599.197.4989x87630','1991-04-18 08:29:34','1994-01-12 17:02:55'),
('747','Deven','Schiller','herzog.arnulfo@example.net','457.181.2129x0777','1990-03-15 13:24:53','2016-04-25 11:27:57'),
('748','Jacklyn','Rodriguez','eheidenreich@example.com','383-106-9302x17855','2006-12-09 15:08:13','1988-08-08 11:14:22'),
('749','Sanford','Friesen','estefania11@example.com','1-827-801-7292x906','2006-03-18 08:14:49','1978-03-27 08:24:32'),
('750','Virginie','Nader','lura50@example.org','01983863588','1999-10-28 22:57:02','1974-09-12 08:21:23'),
('751','Coleman','Price','qabernathy@example.org','05218440387','1994-01-28 10:04:27','1975-10-27 00:57:04'),
('752','Meaghan','Steuber','fmosciski@example.net','954.097.4522x250','2000-11-17 00:08:24','1984-11-11 03:05:49'),
('753','Elda','DuBuque','buford58@example.net','1-095-862-1114x14322','1992-02-26 03:51:57','1998-09-22 22:10:09'),
('754','Rosamond','Dare','smarvin@example.com','398-574-5471x126','2003-03-24 07:53:15','2001-09-16 06:08:30'),
('755','Rowena','Harris','joseph03@example.com','613.043.1326','2016-08-06 21:25:57','1981-03-06 08:40:26'),
('756','Adela','Kutch','mary.metz@example.com','03581586713','1972-11-07 15:36:34','1976-04-15 04:59:51'),
('757','Jermain','Stark','allison05@example.com','(502)358-4759','1988-11-30 13:12:14','2018-02-21 20:42:45'),
('758','Delphine','Rodriguez','brody32@example.net','(973)603-2980x06911','2010-02-17 12:36:07','1978-06-03 10:48:23'),
('759','Arjun','Daugherty','adrien.leannon@example.com','1-740-203-7704x40564','2004-12-06 03:50:11','2019-04-18 08:35:47'),
('760','Kaleb','Doyle','elabadie@example.com','688-997-8366x77125','1995-08-13 20:04:49','2017-11-06 04:30:01'),
('761','Aileen','Ernser','vnikolaus@example.com','466.055.0745','1983-12-11 23:56:15','1998-08-07 18:19:07'),
('762','Raina','Quigley','lemke.kenyon@example.net','135-135-9224','2007-11-16 20:21:30','1989-09-17 15:07:13'),
('763','Cornell','Rice','jeffery.davis@example.com','1-078-623-3568','2009-02-10 23:13:14','1978-05-09 18:29:25'),
('764','Immanuel','Kautzer','douglas.lowell@example.net','938-386-0173x1375','2013-10-09 17:57:08','1978-11-21 17:49:48'),
('765','Karlie','Bergnaum','xfadel@example.net','346-979-1353x508','1983-10-12 15:31:32','2007-06-20 17:49:15'),
('766','Jensen','Wyman','hwindler@example.com','(487)570-3821x290','2007-01-11 10:43:40','1995-03-27 23:40:57'),
('767','Josh','Dickens','rafaela01@example.net','06418321784','2007-05-02 11:28:34','1997-09-23 15:23:19'),
('768','Loraine','Ruecker','tressie.kutch@example.com','1-096-629-5302','1978-09-14 07:24:14','1975-08-16 04:01:07'),
('769','Mervin','Bechtelar','emmerich.matilde@example.org','+78(5)7351496377','2004-09-10 02:52:04','2006-05-30 12:51:37'),
('770','Mya','Doyle','ebreitenberg@example.com','(989)679-0171x451','1984-09-11 20:03:28','2006-11-07 02:39:25'),
('771','Marcelina','Hartmann','samantha.carter@example.com','1-588-051-7854x7181','1993-11-05 16:01:02','2003-02-27 20:27:52'),
('772','Adaline','Kohler','streich.hanna@example.org','(468)304-6489x4617','2011-05-13 07:35:41','1999-05-14 07:21:26'),
('773','Jacey','Huels','marcelina.gislason@example.org','207.631.3857x724','1988-01-03 21:30:12','1999-11-06 18:24:20'),
('774','Arvilla','Murray','adams.gillian@example.net','07211894607','1986-03-08 06:01:46','1974-12-19 13:36:12'),
('775','Elmer','Kub','torphy.shaylee@example.org','04905206975','1980-08-06 05:30:15','1988-01-12 16:58:44'),
('776','Albin','Kohler','emmalee64@example.org','+26(1)7198557774','1984-01-17 10:20:19','1973-12-10 19:02:24'),
('777','Keith','Mueller','fbatz@example.com','(653)179-4472x01177','2003-02-27 16:34:48','1972-01-05 16:15:59'),
('778','Elisha','Koepp','lauretta.ondricka@example.net','016-096-0675','2011-08-21 07:29:21','1970-11-02 05:05:17'),
('779','Jammie','Upton','keaton.harber@example.org','642.550.2191x8099','1983-10-09 12:35:42','2019-05-19 12:41:11'),
('780','Brennan','Zemlak','conroy.jeanne@example.com','336-311-9985x0483','1975-03-22 00:53:21','1988-06-17 19:01:53'),
('781','Erin','Casper','fay.demetris@example.com','695-480-5803','2002-08-01 04:52:11','1984-04-19 17:55:20'),
('782','Casper','Halvorson','senger.nyah@example.com','033.127.3283','1992-09-01 17:05:08','2001-09-07 07:05:37'),
('783','Haylee','Fisher','sean76@example.org','273.032.3801x5939','1983-09-13 21:09:54','1996-12-31 01:47:39'),
('784','Isadore','Beatty','kovacek.rosalee@example.net','729-613-8417x2354','1971-01-29 10:14:10','1982-11-06 14:28:15'),
('785','Hubert','Jenkins','bogan.graham@example.com','(421)284-0514x674','1991-05-22 02:33:19','1971-02-18 03:38:11'),
('786','Lelah','Hammes','morar.citlalli@example.org','02114307601','1997-07-04 01:20:26','1985-09-16 19:15:13'),
('787','Jack','Ryan','sandra.ondricka@example.net','06712590152','1980-12-21 23:04:07','2012-06-21 10:55:50'),
('788','Mariela','Greenholt','johns.dawson@example.com','1-260-920-1420','1984-09-26 22:56:45','1970-10-20 14:46:31'),
('789','Kimberly','Hayes','quigley.bertrand@example.net','433.715.3572x72427','2004-06-25 03:43:37','1997-11-18 22:23:06'),
('790','Zachariah','Borer','mlittel@example.net','1-126-081-8673x21659','2015-06-14 13:38:41','1981-07-08 00:27:44'),
('791','Emile','Bashirian','sylvan65@example.com','608.603.8794x8794','1976-06-15 07:38:49','1988-02-11 07:41:20'),
('792','Leann','Beatty','hector.kovacek@example.org','(593)103-0311x071','2010-02-16 23:19:14','2008-07-13 15:42:53'),
('793','Antoinette','Wisoky','mellie44@example.com','(505)551-5513','1996-04-09 09:40:24','1982-05-17 09:04:39'),
('794','Raquel','Boehm','zachariah40@example.com','(010)062-6970x333','1981-12-01 03:16:50','1989-08-24 02:35:14'),
('795','Carmen','Shields','xernser@example.org','787-300-8988x287','2003-03-12 19:17:41','2005-07-24 12:40:42'),
('796','Heloise','Bauch','zemard@example.org','(100)868-2532x21449','2002-08-27 15:24:40','2012-09-03 20:53:20'),
('797','Roslyn','Paucek','wilford49@example.com','932-562-3954x0368','1994-06-01 12:04:08','2000-07-04 15:23:04'),
('798','Damion','Hoeger','alverta65@example.net','05258566138','1984-07-08 09:36:28','2007-04-15 03:20:30'),
('799','Demond','Leuschke','granville.crooks@example.com','07442874155','2014-02-05 05:44:07','2002-10-07 08:36:04'),
('800','Kyle','Simonis','salvador34@example.org','798-000-7668x9326','1980-11-23 12:53:12','1970-10-30 06:41:19'),
('801','Maiya','Muller','larue43@example.com','519-217-0717','1971-06-28 18:46:11','1976-08-06 19:45:09'),
('802','Hosea','Botsford','langosh.savanna@example.com','02036059748','1970-12-16 16:31:29','1977-11-21 10:40:53'),
('803','Verla','O\'Keefe','grant.lucie@example.net','857-497-0087x8317','1984-09-01 13:25:15','1980-01-28 08:52:00'),
('804','Cielo','Welch','zeffertz@example.net','181.307.6179','1970-01-04 00:35:03','1985-12-14 15:06:56'),
('805','Lewis','Bradtke','reynolds.tierra@example.org','1-883-788-0894x13465','2015-05-10 02:30:07','1990-11-27 20:39:44'),
('806','Devan','Kemmer','zbaumbach@example.com','1-570-181-6220x255','2018-11-05 20:50:38','1970-02-02 21:15:45'),
('807','Elmore','Satterfield','mccullough.lonie@example.com','(682)592-9883','1972-06-27 06:12:42','2010-01-10 05:03:56'),
('808','Karine','Bartell','stefanie20@example.com','832.974.4151x94901','1997-07-30 03:59:19','2009-05-30 16:44:11'),
('809','Aubrey','Ritchie','maxine10@example.net','1-189-667-6444x080','1980-11-23 09:03:10','1971-08-13 02:11:53'),
('810','Garth','Bode','kenny.pollich@example.org','03641769942','1988-01-14 13:40:50','2007-03-05 11:08:53'),
('811','Effie','McDermott','schuppe.nichole@example.com','1-404-371-2487x20115','1984-09-08 15:54:28','1994-03-24 07:44:49'),
('812','Enoch','Haag','tmitchell@example.net','(291)122-1166x821','1981-04-27 17:21:01','1989-07-03 14:56:37'),
('813','Mollie','Gorczany','nbauch@example.org','01268509697','1996-10-26 03:33:05','1998-02-28 07:31:12'),
('814','Anabel','Konopelski','mina.fritsch@example.net','(737)485-1276','2006-07-13 15:49:32','2001-10-01 12:34:26'),
('815','Nasir','Gulgowski','yesenia.kub@example.org','056-364-3670x97206','1982-01-14 16:09:31','1993-04-05 01:06:40'),
('816','Rae','Cronin','leora.johns@example.org','753.392.2770','1992-05-15 18:45:33','2000-06-13 21:15:23'),
('817','Violet','Cummerata','melba99@example.com','(740)485-0091x031','1989-01-11 20:44:01','1976-12-22 00:41:57'),
('818','Athena','Bartell','johnson.felix@example.org','(181)701-7430x457','2001-03-09 20:30:58','1986-06-08 08:19:50'),
('819','Bill','Crona','rowe.angie@example.com','164-609-0871','1995-12-07 02:26:52','2008-06-20 17:21:07'),
('820','Micaela','Nicolas','neva98@example.com','(505)053-5175','1973-03-18 20:02:51','1997-01-16 16:32:25'),
('821','Brooklyn','Kling','mina57@example.org','340-519-6948x533','2000-10-30 10:07:10','1973-09-02 19:00:37'),
('822','Melisa','Durgan','jaylan73@example.net','+82(4)0125796140','2017-05-13 07:41:32','1976-11-18 18:14:46'),
('823','Emmanuel','Ebert','nolan.mark@example.com','(085)030-0271','2002-09-02 19:22:02','1996-10-15 07:15:30'),
('824','Addie','Bahringer','grimes.dusty@example.net','+23(5)8311121929','1995-06-03 02:40:53','1978-08-05 14:03:39'),
('825','Russel','Rowe','dabernathy@example.org','1-013-784-2017','2000-12-11 05:14:43','1972-08-03 23:59:05'),
('826','Pattie','Rowe','gennaro.nolan@example.com','297-995-2534x6862','1995-11-29 20:54:06','1989-05-21 19:18:23'),
('827','Albertha','Green','nolan.esperanza@example.com','+52(2)3452855024','1981-06-14 17:36:55','2005-02-22 16:52:32'),
('828','Katelyn','Johnson','rollin.windler@example.com','+54(6)1358158801','1978-12-17 12:01:09','1983-04-21 12:25:34'),
('829','Thea','Shields','dbreitenberg@example.org','319-452-3418x7620','1970-08-13 16:27:54','1986-10-16 03:29:23'),
('830','Julie','DuBuque','uhand@example.org','+81(6)9775369697','1992-12-27 02:44:37','2015-05-09 16:18:47'),
('831','Rodger','Beier','fabiola20@example.org','182-122-7644','1978-10-23 23:15:01','1989-12-29 16:27:11'),
('832','Andres','Price','oberbrunner.audreanne@example.org','976-579-7836x56119','1991-03-23 08:49:11','2003-09-01 03:08:04'),
('833','Abbie','Stark','hoeger.colin@example.com','06573136928','2007-12-24 14:24:36','2016-03-23 06:37:51'),
('834','Geo','Hills','lillie93@example.org','513.094.4273x34728','2014-05-06 10:46:22','2019-05-12 16:02:35'),
('835','Jaylin','Bosco','sean.lind@example.com','039-367-0120x407','2001-05-13 10:14:58','2012-05-04 03:28:38'),
('836','Madelynn','Bins','parmstrong@example.com','993-462-3001x3814','1986-12-07 09:41:50','2009-01-26 05:25:13'),
('837','Beth','Lind','kaylie79@example.org','065-740-2385','1999-04-09 18:37:28','1975-05-17 08:11:46'),
('838','Norbert','Littel','adah.christiansen@example.org','06860132555','1994-01-21 15:01:44','2007-04-30 03:00:08'),
('839','Fanny','Kling','sbartoletti@example.com','1-315-742-4730x939','2007-09-06 00:39:29','1999-06-04 19:28:52'),
('840','Malachi','Tillman','braun.iliana@example.net','(376)063-1845','1975-06-20 12:16:52','2015-09-28 18:15:12'),
('841','Valentina','Kreiger','schiller.aaron@example.org','1-001-096-1968','1976-02-19 20:08:02','1983-10-20 05:08:34'),
('842','Adrien','Labadie','nigel31@example.net','(593)818-5573x938','1991-02-21 12:58:40','1997-11-09 00:52:10'),
('843','Paula','Nicolas','dbailey@example.org','(454)130-5044x78941','2003-02-12 11:29:25','2000-08-10 12:53:52'),
('844','Ayana','Collier','niko.kuphal@example.com','(736)866-5837x62277','1999-01-09 21:12:09','1990-11-17 08:22:06'),
('845','Aryanna','Walter','dorthy.bailey@example.net','1-131-958-8970x3770','2011-09-06 16:26:45','2004-04-29 07:21:15'),
('846','German','Casper','mertie46@example.com','+28(4)6572968732','2003-10-06 12:43:57','2012-06-28 09:47:32'),
('847','Dwight','Gleichner','gussie.rohan@example.com','03979060443','1999-01-24 00:53:32','1975-10-15 15:31:37'),
('848','Talon','Bogan','peggie.hammes@example.com','1-147-031-1969x59234','1990-06-20 21:48:57','2004-11-29 15:58:27'),
('849','Retha','Bartell','mossie24@example.org','597.758.3313x74149','2015-11-21 23:09:24','1978-07-28 22:26:15'),
('850','Candido','Jacobi','cschmeler@example.com','167-505-3540','2013-10-14 05:33:34','1987-02-24 02:54:23'),
('851','Lenora','O\'Conner','xtreutel@example.com','014.898.7612x031','2019-08-10 11:18:38','2017-03-14 06:45:23'),
('852','Dorris','Watsica','lueilwitz.ted@example.net','204-249-9784x5564','1995-09-26 17:18:28','1984-11-10 00:23:10'),
('853','Mikel','Wolf','heller.alessandra@example.org','01775326442','2007-07-08 12:26:09','1999-01-09 03:05:16'),
('854','Finn','O\'Reilly','smiller@example.org','365.758.3121x41864','1985-11-21 11:27:04','1982-08-17 05:21:18'),
('855','Nola','Reinger','pablo.vandervort@example.com','+54(0)2844636777','1997-07-30 13:34:59','1990-04-04 19:08:54'),
('856','Magnus','Romaguera','kaelyn.cummings@example.com','598.436.2848','2018-02-16 19:06:28','1973-04-02 21:13:20'),
('857','Malika','Welch','baumbach.kenya@example.org','008-846-4693x0004','1992-01-17 16:20:05','1981-06-23 21:09:54'),
('858','Nannie','Aufderhar','ysmitham@example.com','00015958863','2015-11-16 15:12:46','1994-04-18 17:47:06'),
('859','Ophelia','Skiles','moore.karine@example.net','+34(5)8160663157','2006-07-10 20:04:30','1991-09-12 04:45:42'),
('860','Oran','Stoltenberg','loy31@example.com','507.242.4810','1994-01-29 06:53:12','1987-03-02 22:17:12'),
('861','Emmet','Koss','areinger@example.com','(675)934-4311x79574','1996-09-17 08:39:41','1976-12-30 23:32:16'),
('862','Jessy','Shanahan','uschuppe@example.org','041-123-0648x3123','2012-10-24 22:28:11','1994-06-12 15:16:29'),
('863','Adelle','Lind','erdman.neal@example.com','373-195-8133x6402','1992-02-27 17:43:43','1995-11-13 00:07:48'),
('864','Breanna','Brown','xcasper@example.com','(458)053-4367x171','2006-11-21 11:59:27','1988-07-23 03:35:01'),
('865','Roderick','Friesen','adela62@example.net','412-041-1770x823','1981-05-06 07:54:22','1996-12-24 13:14:40'),
('866','Whitney','Bartell','emerson.padberg@example.org','(566)653-1606x9639','2005-06-01 14:01:05','1988-12-10 00:02:27'),
('867','Jaydon','Howe','bernadine.ratke@example.net','(347)189-1830x36556','1978-12-12 11:12:16','1973-09-09 19:41:12'),
('868','Darian','Wiegand','medhurst.santina@example.org','075-422-6452','1980-06-21 11:20:53','1982-08-14 00:43:54'),
('869','Skyla','Kuphal','mschaefer@example.com','1-717-770-1972x943','1977-02-16 13:55:31','1991-05-03 02:06:36'),
('870','Nicolette','Franecki','dickinson.jimmie@example.org','691-936-6124x41391','1973-04-21 00:15:20','2019-03-25 04:18:54'),
('871','Alison','Johns','katharina16@example.com','1-001-014-6197x187','1984-11-04 10:12:39','2008-12-04 10:28:06'),
('872','Curtis','Stanton','cremin.boris@example.net','1-516-456-2802x368','1983-05-22 23:32:46','1982-03-31 14:19:33'),
('873','Valentina','Weber','tparker@example.com','483.732.8274x2100','2006-06-18 10:35:57','1998-01-13 15:41:28'),
('874','Jackeline','Hills','qrath@example.com','308.767.1858','1998-01-04 18:48:19','1995-08-05 18:15:32'),
('875','Laurel','Lebsack','ignacio.orn@example.com','354-880-3659x023','2001-10-15 12:46:29','1979-01-21 15:49:07'),
('876','Savanah','Bruen','bernhard.darrion@example.com','374-399-2248x9400','2000-05-03 04:47:14','2015-11-21 22:55:13'),
('877','Clay','Hackett','estokes@example.org','620.190.2320','2004-01-19 04:26:17','1983-07-19 15:30:01'),
('878','Vaughn','Roob','ahansen@example.com','1-009-233-2740x3190','1974-06-06 09:10:56','1976-07-11 14:49:54'),
('879','Brianne','Steuber','desmond.collier@example.net','724.548.4575x86854','1980-10-02 21:35:51','1980-06-08 13:27:16'),
('880','Stefan','Kautzer','cremin.julie@example.com','248-617-3704','1974-03-10 16:50:55','1981-02-28 19:59:49'),
('881','Marcos','Altenwerth','whitney85@example.com','690.834.7098','2015-06-02 14:46:25','2016-05-15 11:07:19'),
('882','Stephanie','Schaden','jaclyn41@example.org','1-781-973-2879x2324','2002-05-24 23:54:24','1979-12-31 13:38:16'),
('883','Pauline','Klein','vmurazik@example.org','+26(8)8986821632','2003-07-24 19:49:04','2017-01-16 04:35:00'),
('884','Evangeline','Bauch','fanny71@example.org','120.089.4491x92072','1972-06-29 15:26:33','1971-01-13 07:26:29'),
('885','Hugh','Kuvalis','berge.zoey@example.org','(703)223-0773','1996-07-20 23:07:30','1971-10-08 09:08:25'),
('886','Dandre','Auer','boyle.jovany@example.net','1-841-555-1160x080','1983-05-02 09:57:23','2013-02-23 11:11:56'),
('887','Nikita','Flatley','oprosacco@example.org','+95(1)4067509534','1982-10-16 15:35:24','1979-05-16 05:38:07'),
('888','Jerel','Kihn','will73@example.com','542.358.7613','2013-01-07 03:12:56','1973-02-15 00:00:29'),
('889','Vernie','Pfannerstill','stroman.jaylen@example.org','492.888.9841x23175','1979-11-12 06:52:28','1970-07-15 18:20:44'),
('890','Francisco','Ruecker','elvie68@example.net','067-509-1259x638','2004-09-06 20:04:50','1977-01-01 23:38:27'),
('891','Hildegard','Bahringer','htremblay@example.com','039.323.3429x153','1980-09-24 18:22:12','1998-07-06 18:18:41'),
('892','Gisselle','Homenick','keagan73@example.com','+06(1)3317041453','1984-12-06 08:15:29','1979-07-11 23:48:47'),
('893','Elyssa','Kirlin','triston.ruecker@example.net','928.240.3326x36626','1991-07-04 00:01:34','1986-05-14 03:50:35'),
('894','Alessia','Romaguera','fwiza@example.net','478-301-1518x03041','1992-01-03 05:42:35','2016-01-19 13:37:14'),
('895','Madelyn','Johnson','arnold17@example.com','813-261-5204x0677','2003-07-16 11:21:16','2010-06-10 20:23:31'),
('896','Vinnie','D\'Amore','urunolfsson@example.net','905.966.3554','1975-12-12 20:06:08','1991-03-21 15:14:34'),
('897','Bettie','Mayert','immanuel40@example.net','497.032.9439x488','2016-11-22 05:51:38','1990-07-23 23:17:42'),
('898','Izabella','Beatty','turcotte.alexis@example.net','1-235-519-1023','2014-01-21 15:08:14','1985-04-14 22:25:30'),
('899','Guiseppe','Nader','kamryn.rowe@example.com','809.270.8814x414','1980-01-22 05:10:14','1992-09-21 01:14:48'),
('900','Burley','Schuppe','chad.marvin@example.net','(847)601-1112x57794','1986-02-06 05:25:37','2011-10-21 23:57:17'),
('901','Jaren','Kling','blick.houston@example.com','913-982-3148','2015-09-10 14:18:50','1991-06-08 08:15:51'),
('902','Mose','Hane','jettie.klocko@example.org','186.925.8904x20045','1972-04-28 10:26:21','2006-05-13 01:09:16'),
('903','Erin','Mante','josefina.mueller@example.com','+36(0)8630746139','2006-09-08 08:26:06','1987-10-03 17:47:18'),
('904','Nettie','Kohler','myrtle75@example.com','1-236-865-0175','1980-01-09 04:59:37','1979-08-22 04:01:00'),
('905','Audrey','Simonis','mark.hayes@example.com','+87(0)9737149333','2006-10-16 19:06:53','2006-02-28 20:31:06'),
('906','Serenity','West','callie16@example.net','311-263-0663x4385','1993-01-05 04:26:07','2006-09-20 12:16:26'),
('907','Beatrice','Kulas','schaefer.tracey@example.net','(320)269-0252','1980-03-01 13:49:44','2017-12-01 22:21:24'),
('908','Keegan','Mueller','yhirthe@example.org','(706)172-6498x2613','1996-08-02 10:48:09','1980-04-28 09:03:38'),
('909','Calista','Connelly','rowe.rebecca@example.com','046-981-9633x511','2005-07-28 23:00:17','2013-04-25 02:24:27'),
('910','Holly','Haag','eldora.harvey@example.com','(707)443-1197','1984-09-06 20:00:34','1982-04-09 15:27:38'),
('911','Austyn','Swaniawski','kade.reilly@example.org','(723)640-4224','1970-06-04 00:12:31','1980-10-26 19:48:46'),
('912','Jennie','Grimes','ycorwin@example.net','1-156-656-8471x850','1990-01-20 08:38:00','1973-05-29 03:40:22'),
('913','Al','Welch','idell.o\'reilly@example.com','1-687-822-7406x49300','1985-09-27 22:39:41','1972-05-25 16:32:27'),
('914','Shannon','Gutmann','frederic.roberts@example.com','(470)186-2833x0708','1999-04-06 00:31:01','1973-09-21 08:20:24'),
('915','Curtis','Senger','leanne67@example.org','090.034.8964x81173','1985-07-14 10:11:43','1978-06-22 19:32:46'),
('916','Guido','Kemmer','dulce63@example.net','1-015-291-5692x893','1996-06-22 12:49:20','2001-12-23 10:03:24'),
('917','Yesenia','Bradtke','steve53@example.net','1-687-370-6060x57471','1987-07-31 11:28:37','2012-04-09 21:56:22'),
('918','Gerardo','Hammes','nschultz@example.org','298-060-9314','1995-04-26 13:19:19','2011-04-29 17:23:58'),
('919','Blanca','Baumbach','schaefer.kaylee@example.net','07009372211','1992-06-23 11:55:20','1989-04-04 03:47:14'),
('920','Winfield','Ankunding','wehner.violet@example.net','(788)541-7228','1984-12-10 15:06:28','1985-08-14 04:59:32'),
('921','Verda','Brown','igreenfelder@example.org','164.751.7673','1978-06-23 04:42:55','1983-10-04 17:57:11'),
('922','Rosalinda','Schroeder','kstreich@example.org','+31(4)1261358195','1988-12-27 19:30:54','1977-05-11 06:53:32'),
('923','Willie','Walter','rcormier@example.net','(040)016-5787','2014-04-03 09:35:23','1991-07-18 14:34:20'),
('924','Jennifer','Brown','hrempel@example.org','763-312-2700x0621','2015-08-13 19:21:30','2007-04-01 05:48:20'),
('925','Emerson','Kautzer','hudson.cody@example.com','073.506.8286','1976-03-15 17:06:35','1978-08-03 08:30:05'),
('926','Elvera','Mitchell','windler.daisha@example.org','261-172-2756x38219','1989-09-26 03:25:00','1986-08-14 16:12:25'),
('927','Lionel','Cronin','roselyn01@example.com','1-028-534-5127x2271','2005-10-30 15:50:25','1997-11-02 02:09:06'),
('928','Adella','Watsica','chelsea80@example.org','01971550903','2016-04-27 06:50:40','2014-10-15 15:21:52'),
('929','Marilyne','Simonis','chadrick.mclaughlin@example.net','438.880.2545','2002-03-08 01:29:28','2001-01-21 23:49:04'),
('930','Titus','Schowalter','ymayer@example.com','247.071.3436','1983-12-07 07:20:32','2012-10-24 17:40:59'),
('931','Merl','Friesen','brett.keebler@example.com','(334)283-0381x30900','1997-04-14 01:53:57','1992-06-17 18:49:58'),
('932','Jadyn','Wiza','kunze.brennon@example.net','(538)782-6454x3259','1997-12-05 15:07:28','2019-07-22 23:18:53'),
('933','Rosendo','Ryan','blick.adolf@example.org','382-572-9641','1995-11-05 17:26:44','1992-02-07 14:10:49'),
('934','Leatha','Walter','adams.ova@example.com','535.915.7300x73300','2001-07-28 13:55:20','1988-04-16 13:17:41'),
('935','Theresia','Stehr','jacobi.jeffery@example.org','299-746-6544','1989-07-14 00:51:29','2013-06-17 23:30:56'),
('936','Arvilla','McKenzie','hagenes.vladimir@example.net','301.467.3623','2004-04-19 17:14:58','1998-12-13 05:20:12'),
('937','Reyna','Mayert','reynolds.brayan@example.org','1-051-748-3198','1987-12-04 07:39:19','1983-09-26 06:34:47'),
('938','Paige','Stamm','hgreen@example.net','582.426.1161x6766','1999-01-17 03:57:59','2016-08-06 06:09:18'),
('939','Jadon','Predovic','kdooley@example.org','701.389.3941','2003-01-08 05:34:30','2018-06-21 13:14:48'),
('940','Shany','Dare','aileen.fay@example.com','265-697-4146x1742','1977-05-21 14:19:05','2008-06-16 21:06:41'),
('941','Aglae','Roob','kozey.aron@example.com','08203551490','1970-04-27 14:10:32','1979-12-11 10:50:07'),
('942','Kaylin','Schimmel','genevieve.willms@example.com','184-370-7146','2000-05-06 05:25:58','2008-08-31 09:22:30'),
('943','Garrison','Quitzon','douglas.ellis@example.org','936.036.2325x67857','1998-04-20 23:18:43','2001-10-26 04:54:04'),
('944','Nathan','Wunsch','koepp.noe@example.org','04914216953','1973-01-28 10:14:48','1980-02-21 17:34:26'),
('945','Jaquelin','Streich','dbarrows@example.org','1-219-093-5014x78611','2007-12-24 21:12:55','1980-06-18 20:55:05'),
('946','Shanelle','Connelly','abartoletti@example.net','091.559.3970','1981-06-24 17:28:39','1995-09-04 00:50:39'),
('947','Bulah','Weber','tauer@example.com','035-213-8689x294','2017-09-05 23:18:00','1986-02-07 17:55:15'),
('948','Dejon','Crist','bsanford@example.net','309.167.4547','2009-08-01 03:00:00','1978-02-20 10:59:54'),
('949','Cedrick','Berge','keebler.jaron@example.net','(368)953-2142x289','1999-01-11 06:03:23','1994-12-04 09:13:45'),
('950','Jessie','Wilkinson','palma.abshire@example.org','1-843-360-9186x2325','1996-04-19 03:15:19','2016-01-19 02:24:46'),
('951','Justen','Towne','cynthia35@example.com','225-559-4343','1972-09-23 03:47:59','2009-08-01 17:09:32'),
('952','Anne','O\'Hara','rae16@example.net','541.701.5491x34000','1983-10-08 15:15:04','2007-08-11 11:06:45'),
('953','Vida','Ziemann','benton07@example.org','09601943534','2004-10-24 15:57:23','2000-08-09 20:34:33'),
('954','Giuseppe','Bode','alia65@example.net','1-815-694-0252x751','1987-03-18 05:27:01','2019-03-12 04:01:23'),
('955','Royal','Bernier','rhea55@example.com','171.680.7788x40656','1973-08-02 20:30:09','1998-05-22 04:57:32'),
('956','Oswald','Spencer','else55@example.com','092.040.0264x34286','1974-07-04 21:42:15','2013-11-24 18:29:49'),
('957','Maida','Torp','stracke.hermann@example.com','(623)240-4426','1981-03-13 11:24:31','2014-02-07 16:02:45'),
('958','Bert','Romaguera','streich.dion@example.com','(731)404-4372x2683','1979-09-25 06:02:43','1981-07-24 01:59:49'),
('959','Kaley','Hammes','trenton.graham@example.com','017-014-9238','2018-10-07 22:55:01','1979-09-14 19:55:41'),
('960','Madelyn','Bosco','marquardt.peggie@example.net','1-161-559-6657x011','2003-02-02 07:41:18','2007-05-10 20:37:46'),
('961','Forrest','King','stroman.roxane@example.net','1-251-441-0737x365','2014-06-29 21:28:41','1990-10-09 16:35:58'),
('962','Fermin','Kunze','nschamberger@example.org','281.529.1751x24676','1986-03-06 23:34:17','1998-01-27 12:52:17'),
('963','Celestine','Pollich','santina90@example.net','394.820.9843','2003-04-25 22:29:25','2002-04-18 18:00:34'),
('964','Hallie','Marquardt','qgrady@example.net','(251)812-5587x4069','1987-04-06 08:56:51','1990-06-01 13:42:58'),
('965','Wade','Littel','feeney.destiney@example.org','1-277-618-7042','2003-06-23 02:23:25','1990-08-19 09:11:18'),
('966','Odie','Conroy','brakus.alan@example.org','666-326-4568x12414','1999-10-12 15:37:03','2015-06-20 08:01:10'),
('967','Nella','Bergstrom','trent87@example.org','+50(0)9031590507','2005-10-03 18:32:43','2016-04-15 11:07:00'),
('968','Deven','Hoeger','filiberto.harber@example.net','(036)003-5205x39348','1972-01-06 17:45:56','2018-07-23 09:29:28'),
('969','Carolina','Heidenreich','marvin.bridgette@example.org','008.389.1288x742','1995-04-20 18:11:49','2003-07-28 04:30:47'),
('970','Karley','Roberts','hansen.kole@example.org','(624)948-2017x03458','1988-10-22 19:08:16','1981-04-21 12:01:27'),
('971','Maymie','Satterfield','nhaag@example.org','1-526-621-9318x95711','1971-04-28 22:24:42','1998-11-04 23:56:55'),
('972','Cade','Hamill','ritchie.nels@example.org','1-391-620-4239x87664','1983-03-28 05:07:55','1977-04-06 16:01:08'),
('973','Madie','Spinka','halie.schuppe@example.net','1-141-985-5290','1995-01-07 13:29:15','1997-04-09 03:56:11'),
('974','Theresa','Wiegand','chagenes@example.org','851-683-5446','2019-08-12 16:23:34','1995-12-15 06:10:19'),
('975','Velda','McKenzie','mable.wilderman@example.org','09313675489','1978-04-12 16:07:04','1999-01-19 22:47:43'),
('976','Weldon','Runolfsson','stokes.christop@example.org','1-168-506-4006x8347','2016-10-21 01:21:30','1979-11-09 14:50:23'),
('977','Darrin','Emard','ashlee.leuschke@example.net','996.822.7985','2001-04-25 08:16:00','2013-04-08 00:10:37'),
('978','Liana','Block','cheyenne.bernhard@example.net','(748)093-8091x968','1978-07-18 10:41:00','1978-08-24 20:44:27'),
('979','Fidel','Wintheiser','verla50@example.net','388-969-0958','1990-08-09 08:38:33','2014-02-05 15:14:28'),
('980','Leonardo','Homenick','nathan48@example.com','743.125.3815','2007-02-25 14:00:38','1985-11-19 00:39:57'),
('981','Keegan','Kautzer','owehner@example.net','918-325-7705x169','1995-12-14 22:50:30','2009-09-13 10:00:17'),
('982','Karlee','O\'Hara','beffertz@example.org','(690)228-1844','2009-04-20 12:27:49','1993-07-09 06:12:57'),
('983','Teresa','Torphy','hdooley@example.net','+88(1)5370513646','1979-12-12 05:20:30','2015-03-12 14:32:36'),
('984','Millie','Gislason','fletcher.hyatt@example.com','+85(0)1148175145','1983-12-02 15:33:11','2006-03-31 16:18:55'),
('985','Hoyt','Monahan','gleason.jada@example.net','1-418-274-9402','1995-05-13 15:11:58','1979-11-09 22:53:38'),
('986','Jerome','Wisoky','bkassulke@example.net','071-467-7373x653','2000-08-01 03:26:39','1971-11-01 11:24:35'),
('987','Kylie','Rolfson','tabitha63@example.net','260.457.2120x06904','1975-05-15 15:08:22','2018-08-16 07:13:39'),
('988','Mark','Moore','mann.stephania@example.net','(382)448-3570','1971-11-04 13:32:02','1981-01-14 11:58:57'),
('989','Misael','Monahan','lilian62@example.com','(404)782-3028','1996-07-15 01:42:51','1974-12-23 05:56:05'),
('990','Darrick','Casper','lledner@example.org','1-023-200-9189x5824','1989-09-11 05:00:31','1991-04-18 17:02:13'),
('991','Lilian','Baumbach','edd.cronin@example.org','01587190654','2003-01-14 23:38:46','1985-07-19 00:00:35'),
('992','Derick','Hane','gladyce.effertz@example.org','1-917-766-9091x786','2017-10-24 04:07:04','2014-05-02 04:59:27'),
('993','Mia','Considine','idenesik@example.com','(294)835-9674','2018-09-19 09:07:17','1996-03-14 19:48:45'),
('994','Montana','Grimes','qreinger@example.org','(872)705-0549x3329','2016-06-21 17:17:06','1971-09-30 01:20:10'),
('995','Bryana','Adams','abbott.dorothy@example.org','1-129-072-7923x878','1983-02-15 19:49:41','2009-03-14 03:23:41'),
('996','Mara','Baumbach','amoen@example.net','+79(6)4574447613','2012-07-04 16:59:31','2012-05-02 03:25:59'),
('997','Aliyah','Kautzer','strosin.aylin@example.org','597.566.5415x638','1993-07-28 13:23:39','2013-10-04 00:09:42'),
('998','Makenzie','Fahey','lavern62@example.net','1-517-775-6913x657','1997-01-05 08:40:47','1986-03-07 02:23:06'),
('999','Deontae','Robel','wheller@example.org','1-235-377-5845x746','2005-08-25 18:58:06','1983-12-15 08:51:05'),
('1000','Nicole','Dickinson','reinger.shanel@example.org','425.860.1910x3225','2002-01-01 12:04:37','1971-05-22 07:55:28'); 




/*!40101 SET SQL_MODE=@OLD_SQL_MODE */;
/*!40014 SET FOREIGN_KEY_CHECKS=@OLD_FOREIGN_KEY_CHECKS */;
/*!40014 SET UNIQUE_CHECKS=@OLD_UNIQUE_CHECKS */;
/*!40101 SET CHARACTER_SET_CLIENT=@OLD_CHARACTER_SET_CLIENT */;
/*!40101 SET CHARACTER_SET_RESULTS=@OLD_CHARACTER_SET_RESULTS */;
/*!40101 SET COLLATION_CONNECTION=@OLD_COLLATION_CONNECTION */;
/*!40111 SET SQL_NOTES=@OLD_SQL_NOTES */;

